ds,sortby,pushed,language,quantile,repo_count,repos_with_license,repos_with_issues,repos_with_downloads,repos_with_wiki,repos_with_projects,repos_with_pages,size_min,size_max,size_sum,size_avg,size_std,size_q10,size_q25,size_q50,size_q75,size_q90,days_since_create_min,days_since_create_max,days_since_create_avg,days_since_create_std,days_since_create_q10,days_since_create_q25,days_since_create_q50,days_since_create_q75,days_since_create_q90,days_since_push_min,days_since_push_max,days_since_push_avg,days_since_push_std,days_since_push_q10,days_since_push_q25,days_since_push_q50,days_since_push_q75,days_since_push_q90,stargazers_count_min,stargazers_count_max,stargazers_count_sum,stargazers_count_avg,stargazers_count_std,stargazers_count_q10,stargazers_count_q25,stargazers_count_q50,stargazers_count_q75,stargazers_count_q90,forks_count_min,forks_count_max,forks_count_sum,forks_count_avg,forks_count_std,forks_count_q10,forks_count_q25,forks_count_q50,forks_count_q75,forks_count_q90,open_issues_count_min,open_issues_count_max,open_issues_count_sum,open_issues_count_avg,open_issues_count_std,open_issues_count_q10,open_issues_count_q25,open_issues_count_q50,open_issues_count_q75,open_issues_count_q90,topics_count_min,topics_count_max,topics_count_avg,topics_count_std,topics_count_q10,topics_count_q25,topics_count_q50,topics_count_q75,topics_count_q90
2022-01-13,stars,001_1week,ada,< q10,2,1.0,2.0,2.0,1.0,1.0,0.0,12.0,26.0,38.0,19.0,9.899494936611665,13.4,15.5,19.0,22.5,24.6,1.0,4.0,2.5,2.1213203435596424,1.3,1.75,2.5,3.25,3.7,1.0,4.0,2.5,2.1213203435596424,1.3,1.75,2.5,3.25,3.7,0.0,1.0,1.0,0.5,0.7071067811865476,0.1,0.25,0.5,0.75,0.9,0.0,0.0,0.0,0.0,0.0,0.0,0.0,0.0,0.0,0.0,0.0,1.0,1.0,0.5,0.7071067811865476,0.1,0.25,0.5,0.75,0.9,0.0,5.0,2.5,3.5355339059327378,0.5,1.25,2.5,3.75,4.5
2022-01-13,stars,001_1week,ada,q10 - q25,2,1.0,2.0,2.0,2.0,1.0,1.0,279.0,768.0,1047.0,523.5,345.77521600022175,327.9,401.25,523.5,645.75,719.1,55.0,295.0,175.0,169.7056274847714,79.0,115.0,175.0,235.0,271.0,1.0,3.0,2.0,1.4142135623730951,1.2,1.5,2.0,2.5,2.8,1.0,4.0,5.0,2.5,2.1213203435596424,1.3,1.75,2.5,3.25,3.7,0.0,1.0,1.0,0.5,0.7071067811865476,0.1,0.25,0.5,0.75,0.9,0.0,3.0,3.0,1.5,2.1213203435596424,0.30000000000000004,0.75,1.5,2.25,2.7,0.0,7.0,3.5,4.949747468305833,0.7000000000000001,1.75,3.5,5.25,6.3
2022-01-13,stars,001_1week,ada,q25 - q50,3,2.0,3.0,3.0,2.0,3.0,2.0,6327.0,153084.0,167326.0,55775.333333333336,84275.5177517963,6644.6,7121.0,7915.0,80499.5,124050.20000000001,1057.0,1106.0,1073.6666666666667,28.00595174839331,1057.2,1057.5,1058.0,1082.0,1096.4,1.0,6.0,2.6666666666666665,2.8867513459481287,1.0,1.0,1.0,3.5,5.0,0.0,2.0,4.0,1.3333333333333333,1.1547005383792517,0.4,1.0,2.0,2.0,2.0,0.0,5.0,5.0,1.6666666666666667,2.8867513459481287,0.0,0.0,0.0,2.5,4.0,0.0,1.0,1.0,0.3333333333333333,0.5773502691896258,0.0,0.0,0.0,0.5,0.8,0.0,0.0,0.0,0.0,0.0,0.0,0.0,0.0,0.0
2022-01-13,stars,001_1week,ada,q50 - q75,4,4.0,4.0,4.0,3.0,4.0,1.0,4583.0,63875.0,97873.0,24468.25,27762.04348116327,4827.5,5194.25,14707.5,33981.5,51917.600000000006,1197.0,1710.0,1436.5,210.78029635934504,1258.8,1351.5,1419.5,1504.5,1627.8,0.0,6.0,3.0,2.943920288775949,0.30000000000000004,0.75,3.0,5.25,5.7,10.0,138.0,348.0,87.0,58.980222673932545,28.6,56.5,100.0,130.5,135.0,2.0,39.0,67.0,16.75,17.708284313657643,2.3,2.75,13.0,27.0,34.2,13.0,167.0,335.0,83.75,78.31294060796509,15.4,19.0,77.5,142.25,157.1,0.0,7.0,4.5,3.1091263510296048,1.5000000000000002,3.75,5.5,6.25,6.7
2022-01-13,stars,001_1week,ada,q75 - q90,2,1.0,2.0,2.0,1.0,2.0,0.0,27769.0,139601.0,167370.0,83685.0,79077.16555365398,38952.2,55727.0,83685.0,111643.0,128417.8,1822.0,1953.0,1887.5,92.63098833543772,1835.1,1854.75,1887.5,1920.25,1939.9,1.0,1.0,1.0,0.0,1.0,1.0,1.0,1.0,1.0,8.0,231.0,239.0,119.5,157.6848122046001,30.3,63.75,119.5,175.25,208.70000000000002,0.0,42.0,42.0,21.0,29.698484809834994,4.2,10.5,21.0,31.5,37.8,1.0,41.0,42.0,21.0,28.284271247461902,5.0,11.0,21.0,31.0,37.0,0.0,0.0,0.0,0.0,0.0,0.0,0.0,0.0,0.0
2022-01-13,stars,001_1week,ada,q90 <,2,2.0,2.0,2.0,2.0,2.0,0.0,4799.0,169774.0,174573.0,87286.5,116654.94122625068,21296.5,46042.75,87286.5,128530.25,153276.5,2264.0,2557.0,2410.5,207.18228688765842,2293.3,2337.25,2410.5,2483.75,2527.7,1.0,5.0,3.0,2.8284271247461903,1.4,2.0,3.0,4.0,4.6,12.0,53.0,65.0,32.5,28.991378028648448,16.1,22.25,32.5,42.75,48.9,0.0,9.0,9.0,4.5,6.363961030678928,0.9,2.25,4.5,6.75,8.1,0.0,4.0,4.0,2.0,2.8284271247461903,0.4,1.0,2.0,3.0,3.6,0.0,7.0,3.5,4.949747468305833,0.7000000000000001,1.75,3.5,5.25,6.3
2022-01-13,stars,001_1week,agda,< q10,1,0.0,1.0,1.0,1.0,1.0,0.0,6927.0,6927.0,6927.0,6927.0,,6927.0,6927.0,6927.0,6927.0,6927.0,181.0,181.0,181.0,,181.0,181.0,181.0,181.0,181.0,1.0,1.0,1.0,,1.0,1.0,1.0,1.0,1.0,73.0,73.0,73.0,73.0,,73.0,73.0,73.0,73.0,73.0,5.0,5.0,5.0,5.0,,5.0,5.0,5.0,5.0,5.0,1.0,1.0,1.0,1.0,,1.0,1.0,1.0,1.0,1.0,0.0,0.0,0.0,,0.0,0.0,0.0,0.0,0.0
2022-01-13,stars,001_1week,agda,q50 - q75,1,0.0,1.0,1.0,1.0,1.0,0.0,234.0,234.0,234.0,234.0,,234.0,234.0,234.0,234.0,234.0,205.0,205.0,205.0,,205.0,205.0,205.0,205.0,205.0,3.0,3.0,3.0,,3.0,3.0,3.0,3.0,3.0,0.0,0.0,0.0,0.0,,0.0,0.0,0.0,0.0,0.0,0.0,0.0,0.0,0.0,,0.0,0.0,0.0,0.0,0.0,0.0,0.0,0.0,0.0,,0.0,0.0,0.0,0.0,0.0,0.0,0.0,0.0,,0.0,0.0,0.0,0.0,0.0
2022-01-13,stars,001_1week,agda,q90 <,1,1.0,1.0,1.0,1.0,1.0,0.0,8567.0,8567.0,8567.0,8567.0,,8567.0,8567.0,8567.0,8567.0,8567.0,1438.0,1438.0,1438.0,,1438.0,1438.0,1438.0,1438.0,1438.0,1.0,1.0,1.0,,1.0,1.0,1.0,1.0,1.0,85.0,85.0,85.0,85.0,,85.0,85.0,85.0,85.0,85.0,15.0,15.0,15.0,15.0,,15.0,15.0,15.0,15.0,15.0,3.0,3.0,3.0,3.0,,3.0,3.0,3.0,3.0,3.0,11.0,11.0,11.0,,11.0,11.0,11.0,11.0,11.0
2022-01-13,stars,001_1week,coq,< q10,2,0.0,2.0,2.0,2.0,2.0,0.0,102.0,246.0,348.0,174.0,101.82337649086284,116.4,138.0,174.0,210.0,231.6,5.0,252.0,128.5,174.65537495307723,29.700000000000003,66.75,128.5,190.25,227.3,2.0,5.0,3.5,2.1213203435596424,2.3,2.75,3.5,4.25,4.7,0.0,17.0,17.0,8.5,12.020815280171307,1.7000000000000002,4.25,8.5,12.75,15.3,0.0,0.0,0.0,0.0,0.0,0.0,0.0,0.0,0.0,0.0,0.0,9.0,9.0,4.5,6.363961030678928,0.9,2.25,4.5,6.75,8.1,0.0,5.0,2.5,3.5355339059327378,0.5,1.25,2.5,3.75,4.5
2022-01-13,stars,001_1week,coq,q10 - q25,1,0.0,1.0,1.0,1.0,1.0,0.0,5758.0,5758.0,5758.0,5758.0,,5758.0,5758.0,5758.0,5758.0,5758.0,295.0,295.0,295.0,,295.0,295.0,295.0,295.0,295.0,1.0,1.0,1.0,,1.0,1.0,1.0,1.0,1.0,16.0,16.0,16.0,16.0,,16.0,16.0,16.0,16.0,16.0,1.0,1.0,1.0,1.0,,1.0,1.0,1.0,1.0,1.0,0.0,0.0,0.0,0.0,,0.0,0.0,0.0,0.0,0.0,6.0,6.0,6.0,,6.0,6.0,6.0,6.0,6.0
2022-01-13,stars,001_1week,coq,q25 - q50,3,3.0,3.0,3.0,3.0,3.0,1.0,373.0,4392.0,8075.0,2691.6666666666665,2079.6255271883288,960.4,1841.5,3310.0,3851.0,4175.6,706.0,1302.0,1088.0,331.62026476076517,816.0,981.0,1256.0,1279.0,1292.8,1.0,6.0,4.333333333333333,2.8867513459481287,2.0,3.5,6.0,6.0,6.0,0.0,143.0,198.0,66.0,72.131823767322,11.0,27.5,55.0,99.0,125.4,0.0,34.0,40.0,13.333333333333334,18.14754345175493,1.2000000000000002,3.0,6.0,20.0,28.400000000000002,0.0,20.0,33.0,11.0,10.14889156509222,2.6,6.5,13.0,16.5,18.6,0.0,8.0,4.666666666666667,4.163331998932265,1.2000000000000002,3.0,6.0,7.0,7.6
2022-01-13,stars,001_1week,coq,q50 - q75,3,2.0,3.0,3.0,3.0,3.0,0.0,1606.0,11501.0,20566.0,6855.333333333333,4975.044354911153,2776.6000000000004,4532.5,7459.0,9480.0,10692.6,1325.0,1954.0,1693.6666666666667,328.1955717759356,1420.4,1563.5,1802.0,1878.0,1923.6,1.0,3.0,1.6666666666666667,1.1547005383792517,1.0,1.0,1.0,2.0,2.6,12.0,159.0,238.0,79.33333333333333,74.27202254774899,23.0,39.5,67.0,113.0,140.6,2.0,40.0,59.0,19.666666666666668,19.139836293274122,5.0,9.5,17.0,28.5,35.4,1.0,42.0,45.0,15.0,23.388031127053,1.2,1.5,2.0,22.0,34.0,0.0,0.0,0.0,0.0,0.0,0.0,0.0,0.0,0.0
2022-01-13,stars,001_1week,coq,q75 - q90,1,1.0,1.0,1.0,1.0,1.0,0.0,1980.0,1980.0,1980.0,1980.0,,1980.0,1980.0,1980.0,1980.0,1980.0,2262.0,2262.0,2262.0,,2262.0,2262.0,2262.0,2262.0,2262.0,1.0,1.0,1.0,,1.0,1.0,1.0,1.0,1.0,29.0,29.0,29.0,29.0,,29.0,29.0,29.0,29.0,29.0,8.0,8.0,8.0,8.0,,8.0,8.0,8.0,8.0,8.0,4.0,4.0,4.0,4.0,,4.0,4.0,4.0,4.0,4.0,8.0,8.0,8.0,,8.0,8.0,8.0,8.0,8.0
2022-01-13,stars,001_1week,coq,q90 <,2,2.0,2.0,2.0,2.0,2.0,1.0,1989.0,2755.0,4744.0,2372.0,541.6437943888955,2065.6,2180.5,2372.0,2563.5,2678.4,2750.0,3431.0,3090.5,481.5397179880389,2818.1,2920.25,3090.5,3260.75,3362.9,0.0,0.0,0.0,0.0,0.0,0.0,0.0,0.0,0.0,108.0,610.0,718.0,359.0,354.9676041556469,158.2,233.5,359.0,484.5,559.8,39.0,52.0,91.0,45.5,9.192388155425117,40.3,42.25,45.5,48.75,50.7,2.0,18.0,20.0,10.0,11.313708498984761,3.6,6.0,10.0,14.0,16.4,3.0,13.0,8.0,7.0710678118654755,4.0,5.5,8.0,10.5,12.0
2022-01-13,stars,001_1week,elixir,< q10,15,2.0,15.0,15.0,15.0,15.0,0.0,4.0,226.0,854.0,56.93333333333333,66.52654321683151,4.800000000000001,6.5,19.0,97.5,131.6,2.0,10.0,4.466666666666667,2.2949219304078006,2.0,2.5,4.0,6.0,6.6,0.0,6.0,3.1333333333333333,1.8464895909600492,1.0,2.0,3.0,4.0,6.0,0.0,16.0,18.0,1.2,4.109223075681617,0.0,0.0,0.0,0.0,1.0,0.0,0.0,0.0,0.0,0.0,0.0,0.0,0.0,0.0,0.0,0.0,1.0,1.0,0.06666666666666667,0.2581988897471611,0.0,0.0,0.0,0.0,0.0,0.0,3.0,0.4,0.9102589898327995,0.0,0.0,0.0,0.0,1.5999999999999996
2022-01-13,stars,001_1week,elixir,q10 - q25,22,10.0,22.0,22.0,19.0,19.0,0.0,7.0,80128.0,109035.0,4956.136363636364,17065.445762585798,55.4,129.5,383.0,1145.25,3206.8000000000015,18.0,143.0,74.13636363636364,42.06264653782776,24.2,31.5,73.0,114.75,121.9,0.0,6.0,3.1818181818181817,1.9913231694950886,1.0,2.0,3.0,5.0,6.0,0.0,88.0,135.0,6.136363636363637,18.70649353654769,0.0,0.0,1.0,3.5,7.800000000000004,0.0,6.0,11.0,0.5,1.3001831372834332,0.0,0.0,0.0,0.75,1.0,0.0,5.0,10.0,0.45454545454545453,1.262170191802038,0.0,0.0,0.0,0.0,1.8000000000000043,0.0,7.0,2.1363636363636362,2.474545740813175,0.0,0.0,1.0,3.75,5.0
2022-01-13,stars,001_1week,elixir,q25 - q50,37,26.0,37.0,37.0,31.0,32.0,4.0,22.0,213673.0,343657.0,9288.027027027027,36520.1507112371,45.4,108.0,306.0,1792.0,6886.199999999992,158.0,605.0,341.5135135135135,132.12107696722344,193.2,230.0,318.0,432.0,560.4,0.0,6.0,2.081081081081081,1.934746299452009,0.0,1.0,1.0,3.0,5.0,0.0,2346.0,5163.0,139.54054054054055,465.6730251650469,0.0,1.0,6.0,17.0,238.19999999999996,0.0,173.0,402.0,10.864864864864865,32.593593578222425,0.0,0.0,0.0,6.0,13.399999999999999,0.0,45.0,318.0,8.594594594594595,11.02386164306889,0.0,0.0,4.0,14.0,23.4,0.0,14.0,3.108108108108108,3.6650282989947613,0.0,0.0,2.0,5.0,7.399999999999999
2022-01-13,stars,001_1week,elixir,q50 - q75,37,28.0,37.0,37.0,28.0,32.0,4.0,31.0,233410.0,322514.0,8716.594594594595,38339.564248276845,39.0,68.0,388.0,1657.0,9898.999999999998,631.0,1324.0,949.5135135135135,193.42463671955048,697.2,818.0,1007.0,1123.0,1178.2,0.0,6.0,2.2162162162162162,2.2127802413245643,0.0,1.0,1.0,3.0,6.0,0.0,9778.0,15104.0,408.2162162162162,1620.2042589873786,0.0,0.0,3.0,58.0,557.3999999999999,0.0,461.0,990.0,26.756756756756758,83.1596207454226,0.0,0.0,2.0,15.0,32.19999999999998,0.0,234.0,483.0,13.054054054054054,38.91939387014165,0.0,0.0,1.0,13.0,23.599999999999994,0.0,20.0,2.7027027027027026,4.683688390247256,0.0,0.0,0.0,5.0,6.399999999999999
2022-01-13,stars,001_1week,elixir,q75 - q90,22,17.0,22.0,22.0,11.0,14.0,1.0,48.0,46041.0,94435.0,4292.5,10943.492833860764,123.0,199.75,446.0,1902.75,5244.600000000003,1346.0,1837.0,1598.090909090909,167.73559382918535,1390.0,1467.75,1563.0,1770.5,1798.3,0.0,6.0,2.0454545454545454,1.6468519095902983,0.10000000000000009,1.0,1.5,3.0,4.0,0.0,1396.0,4818.0,219.0,385.9760663687889,2.0,7.75,29.0,190.75,807.0000000000003,0.0,750.0,1105.0,50.22727272727273,158.67544948226322,1.0,1.0,6.5,17.75,80.80000000000007,0.0,256.0,485.0,22.045454545454547,55.66436602550724,0.0,0.0,1.5,13.75,36.90000000000002,0.0,10.0,3.1818181818181817,3.431456217831108,0.0,0.0,2.5,6.5,8.0
2022-01-13,stars,001_1week,elixir,q90 <,15,11.0,14.0,15.0,10.0,8.0,0.0,94.0,81462.0,193754.0,12916.933333333332,23076.949385129083,256.20000000000005,1270.0,3359.0,12758.5,37590.39999999999,2141.0,4022.0,2731.4666666666667,559.9512563820261,2211.6,2313.5,2495.0,3030.0,3430.7999999999997,0.0,6.0,1.8,1.4735767952260146,1.0,1.0,1.0,2.5,3.0,0.0,19684.0,49700.0,3313.3333333333335,5368.108840533091,143.80000000000004,653.5,1144.0,2977.0,8791.599999999999,0.0,2818.0,7183.0,478.8666666666667,743.1861780456464,41.400000000000006,126.5,242.0,303.0,1189.6,0.0,2718.0,2904.0,193.6,698.4434530746618,0.8000000000000003,4.5,11.0,20.5,34.6,0.0,6.0,1.6666666666666667,2.058663459163551,0.0,0.0,0.0,3.0,4.199999999999999
2022-01-13,stars,001_1week,erlang,< q10,3,2.0,3.0,3.0,3.0,3.0,0.0,45.0,376.0,485.0,161.66666666666666,185.86105921718334,48.8,54.5,64.0,220.0,313.6,2.0,9.0,5.0,3.605551275463989,2.4,3.0,4.0,6.5,8.0,1.0,2.0,1.6666666666666667,0.5773502691896257,1.2,1.5,2.0,2.0,2.0,0.0,0.0,0.0,0.0,0.0,0.0,0.0,0.0,0.0,0.0,0.0,0.0,0.0,0.0,0.0,0.0,0.0,0.0,0.0,0.0,0.0,0.0,0.0,0.0,0.0,0.0,0.0,0.0,0.0,0.0,0.0,8.0,3.6666666666666665,4.041451884327381,0.6000000000000001,1.5,3.0,5.5,7.0
2022-01-13,stars,001_1week,erlang,q10 - q25,3,3.0,3.0,3.0,3.0,3.0,1.0,149.0,761.0,1069.0,356.3333333333333,350.48727984526533,151.0,154.0,159.0,460.0,640.6,29.0,304.0,163.0,137.63357148602952,54.400000000000006,92.5,156.0,230.0,274.4,1.0,6.0,3.0,2.6457513110645907,1.2,1.5,2.0,4.0,5.2,1.0,70.0,128.0,42.666666666666664,36.66515148384544,12.200000000000001,29.0,57.0,63.5,67.4,0.0,3.0,5.0,1.6666666666666667,1.5275252316519465,0.4,1.0,2.0,2.5,2.8,0.0,2.0,2.0,0.6666666666666666,1.1547005383792517,0.0,0.0,0.0,1.0,1.6,0.0,8.0,2.6666666666666665,4.618802153517007,0.0,0.0,0.0,4.0,6.4
2022-01-13,stars,001_1week,erlang,q25 - q50,5,5.0,5.0,5.0,1.0,1.0,0.0,134.0,5158.0,13299.0,2659.8,2440.38443692792,159.6,198.0,2894.0,4915.0,5060.8,757.0,1597.0,1147.0,323.2746510322144,824.6,926.0,1199.0,1256.0,1460.6,1.0,2.0,1.2,0.4472135954999579,1.0,1.0,1.0,1.0,1.6,2.0,731.0,851.0,170.2,313.96608097054053,13.200000000000001,30.0,43.0,45.0,456.6000000000001,0.0,50.0,107.0,21.4,19.882152800941853,2.8000000000000003,7.0,19.0,31.0,42.400000000000006,0.0,22.0,38.0,7.6,8.848728722251575,1.2000000000000002,3.0,3.0,10.0,17.200000000000003,0.0,11.0,3.8,4.494441010848846,0.0,0.0,4.0,4.0,8.200000000000001
2022-01-13,stars,001_1week,erlang,q50 - q75,6,5.0,6.0,6.0,3.0,4.0,1.0,658.0,42656.0,70590.0,11765.0,16737.313643473375,900.5,1243.75,3292.5,15920.75,31102.0,1786.0,2660.0,2328.0,322.73022789940205,2002.0,2228.75,2335.0,2577.75,2647.0,0.0,6.0,2.6666666666666665,2.4221202832779936,0.5,1.0,2.0,4.5,5.5,2.0,552.0,1675.0,279.1666666666667,239.49481553191643,2.0,69.0,302.0,469.75,533.5,0.0,189.0,442.0,73.66666666666667,72.52769585935201,0.0,16.5,67.0,106.25,154.0,0.0,306.0,341.0,56.833333333333336,122.48496506374431,0.0,0.0,4.5,21.75,166.0,0.0,8.0,3.0,2.9664793948382653,0.0,0.75,3.0,3.75,6.0
2022-01-13,stars,001_1week,erlang,q75 - q90,3,3.0,3.0,3.0,2.0,3.0,0.0,389.0,4972.0,6087.0,2029.0,2554.276609923052,456.4,557.5,726.0,2849.0,4122.8,3206.0,3325.0,3272.3333333333335,60.66575090883923,3222.0,3246.0,3286.0,3305.5,3317.2,2.0,3.0,2.3333333333333335,0.5773502691896257,2.0,2.0,2.0,2.5,2.8,179.0,227.0,617.0,205.66666666666666,24.440403706431145,185.4,195.0,211.0,219.0,223.8,49.0,80.0,184.0,61.333333333333336,16.441816606851365,50.2,52.0,55.0,67.5,75.0,0.0,11.0,18.0,6.0,5.5677643628300215,1.4000000000000001,3.5,7.0,9.0,10.2,0.0,6.0,3.3333333333333335,3.0550504633038935,0.8,2.0,4.0,5.0,5.6
2022-01-13,stars,001_1week,erlang,q90 <,3,3.0,3.0,3.0,3.0,1.0,0.0,4834.0,52042.0,96015.0,32005.0,24399.165620979747,11695.0,21986.5,39139.0,45590.5,49461.4,3779.0,4357.0,4081.6666666666665,289.967814305887,3845.0,3944.0,4109.0,4233.0,4307.4,1.0,2.0,1.3333333333333333,0.5773502691896257,1.0,1.0,1.0,1.5,1.8,642.0,5102.0,7211.0,2403.6666666666665,2372.953504250206,807.0,1054.5,1467.0,3284.5,4375.0,412.0,1463.0,2289.0,763.0,606.2186074346448,412.4,413.0,414.0,938.5,1253.2,33.0,161.0,312.0,104.0,65.13831437794502,50.0,75.5,118.0,139.5,152.4,0.0,19.0,8.666666666666666,9.60902353693305,1.4000000000000001,3.5,7.0,13.0,16.6
2022-01-13,stars,001_1week,go,< q10,100,88.0,100.0,99.0,70.0,74.0,9.0,34.0,120251.0,496149.0,4961.49,14490.144640650407,90.8,220.5,784.5,2913.75,10256.600000000015,1.0,195.0,90.89,61.61904713395827,10.0,34.0,80.0,146.25,178.20000000000002,0.0,6.0,1.82,1.678021923503259,0.0,1.0,1.0,3.0,4.0,7.0,4882.0,20566.0,205.66,651.5806766485778,8.0,11.0,26.5,66.5,455.70000000000016,0.0,352.0,1715.0,17.15,46.91220577317857,0.0,1.0,3.0,10.0,30.60000000000022,0.0,323.0,939.0,9.39,34.410737988146785,0.0,0.0,2.0,7.0,18.10000000000001,0.0,14.0,4.88,3.8984068229952284,0.0,0.0,5.0,7.0,10.100000000000009
2022-01-13,stars,001_1week,go,q10 - q25,150,146.0,147.0,147.0,106.0,117.0,24.0,13.0,169131.0,2235311.0,14902.073333333334,32824.42513348222,379.4,908.25,2745.0,10724.25,29650.399999999994,196.0,448.0,319.5133333333333,68.35622609925478,226.9,267.25,315.5,369.5,419.1,0.0,6.0,1.8333333333333333,1.7471613282508067,0.0,1.0,1.0,2.75,5.0,7.0,5224.0,49495.0,329.96666666666664,713.1173121547781,9.0,18.25,63.5,231.0,1026.8999999999994,0.0,393.0,5579.0,37.193333333333335,65.24858986021998,2.0,5.0,12.0,36.75,102.59999999999997,0.0,412.0,2985.0,19.9,40.805110549781205,0.0,2.0,7.5,22.75,52.39999999999998,0.0,20.0,5.7,5.029777104218517,0.0,1.25,5.0,8.0,13.0
2022-01-13,stars,001_1week,go,q25 - q50,250,241.0,241.0,249.0,170.0,186.0,37.0,19.0,1475971.0,7622266.0,30489.064,122153.7172954811,260.0,969.75,4040.0,19972.25,47270.79999999999,449.0,888.0,665.704,119.64093025704484,490.7,569.5,669.5,761.25,832.0,0.0,6.0,1.844,1.6267295399002053,0.0,1.0,1.0,3.0,4.0,7.0,13908.0,142827.0,571.308,1505.7424102282037,13.0,27.0,81.5,419.25,1510.1,0.0,1754.0,18434.0,73.736,172.99700041506628,2.0,8.0,22.0,72.0,183.49999999999986,0.0,658.0,9431.0,37.724,77.09509998545347,1.0,3.0,11.0,38.75,91.29999999999998,0.0,20.0,5.476,5.325680754796333,0.0,0.0,5.0,8.0,13.0
2022-01-13,stars,001_1week,go,q50 - q75,249,243.0,245.0,246.0,168.0,182.0,24.0,66.0,703244.0,8801043.0,35345.55421686747,69701.12778833494,469.0,1974.0,8705.0,44235.0,97732.20000000011,891.0,1498.0,1165.3172690763051,180.72091225974893,939.8,1010.0,1134.0,1325.0,1436.0,0.0,6.0,1.9518072289156627,1.66972772402176,0.0,1.0,1.0,3.0,5.0,7.0,18477.0,311648.0,1251.5983935742972,2874.6307559794886,17.8,43.0,183.0,866.0,3422.4000000000046,0.0,3215.0,39393.0,158.20481927710844,328.5434899908847,5.0,17.0,50.0,143.0,363.6,0.0,1674.0,16294.0,65.43775100401606,149.6058165423682,0.8000000000000007,5.0,20.0,59.0,158.00000000000017,0.0,20.0,6.417670682730924,5.4464261177059,0.0,2.0,6.0,9.0,14.0
2022-01-13,stars,001_1week,go,q75 - q90,151,146.0,148.0,145.0,81.0,101.0,25.0,25.0,304665.0,5006838.0,33157.867549668874,52304.31578352154,793.0,3418.5,13363.0,32263.5,95082.0,1505.0,2211.0,1818.158940397351,203.80360130005002,1547.0,1662.5,1791.0,1972.5,2134.0,0.0,6.0,2.019867549668874,1.7681259332053496,0.0,1.0,1.0,3.0,5.0,7.0,29864.0,417465.0,2764.6688741721855,4985.606383342425,21.0,99.5,776.0,2974.5,6671.0,0.0,7664.0,63951.0,423.5165562913907,947.8654043291492,8.0,36.0,131.0,422.0,892.0,0.0,910.0,12690.0,84.03973509933775,126.7562953489728,1.0,15.0,40.0,94.0,233.0,0.0,20.0,6.198675496688741,4.841514732050523,0.0,2.5,6.0,9.0,12.0
2022-01-13,stars,001_1week,go,q90 <,100,97.0,93.0,99.0,52.0,70.0,12.0,27.0,1045982.0,6510442.0,65104.42,140932.58619832777,436.90000000000003,2779.25,16636.0,60488.75,184487.80000000008,2217.0,4104.0,2699.62,421.66926050226294,2275.8,2357.0,2579.0,2993.0,3339.6000000000004,0.0,6.0,2.12,1.8655841016700483,0.0,1.0,1.0,3.0,5.0,7.0,84401.0,689489.0,6894.89,12679.046144296184,71.7,466.25,2195.0,8658.75,15242.500000000005,0.0,30945.0,115229.0,1152.29,3358.7486465357997,27.8,100.25,371.5,1011.25,1971.9000000000008,0.0,2331.0,20347.0,203.47,397.60285385537594,4.9,13.0,39.5,191.25,602.5000000000009,0.0,20.0,6.08,5.379872703236602,0.0,2.75,5.0,9.0,13.0
2022-01-13,stars,001_1week,haskell,< q10,13,9.0,13.0,13.0,13.0,13.0,0.0,0.0,42608.0,46720.0,3593.846153846154,11770.644288838184,2.4000000000000004,7.0,13.0,36.0,3124.400000000003,0.0,8.0,4.230769230769231,2.1661735138967266,2.2,3.0,4.0,6.0,6.0,0.0,5.0,2.6153846153846154,1.5021352323976214,1.0,2.0,3.0,3.0,4.800000000000001,0.0,1.0,2.0,0.15384615384615385,0.3755338080994054,0.0,0.0,0.0,0.0,0.8000000000000007,0.0,0.0,0.0,0.0,0.0,0.0,0.0,0.0,0.0,0.0,0.0,0.0,0.0,0.0,0.0,0.0,0.0,0.0,0.0,0.0,0.0,4.0,0.5384615384615384,1.3301243435223526,0.0,0.0,0.0,0.0,2.400000000000002
2022-01-13,stars,001_1week,haskell,q10 - q25,20,7.0,20.0,20.0,19.0,20.0,0.0,16.0,6058.0,16304.0,815.2,1481.5035250504272,27.900000000000002,38.75,222.0,706.5,2139.800000000002,9.0,53.0,26.05,14.225533011936115,10.0,13.75,23.0,36.25,45.300000000000004,0.0,6.0,2.15,1.6944180805158295,0.9000000000000001,1.0,1.5,3.25,4.100000000000001,0.0,4.0,7.0,0.35,0.9333020044867296,0.0,0.0,0.0,0.0,1.0,0.0,1.0,1.0,0.05,0.22360679774997896,0.0,0.0,0.0,0.0,0.0,0.0,8.0,8.0,0.4,1.7888543819998317,0.0,0.0,0.0,0.0,0.0,0.0,3.0,0.45,0.998683343734455,0.0,0.0,0.0,0.0,2.1000000000000014
2022-01-13,stars,001_1week,haskell,q25 - q50,32,23.0,31.0,32.0,27.0,31.0,3.0,15.0,103299.0,283243.0,8851.34375,21739.785501522725,39.3,123.5,770.5,4327.5,27923.800000000043,59.0,619.0,292.71875,179.23785501214533,80.8,143.25,256.0,458.75,510.6,0.0,5.0,2.125,1.5187006330752704,0.10000000000000009,1.0,2.0,3.0,4.0,0.0,682.0,1593.0,49.78125,142.24575153812208,0.0,0.0,2.0,7.25,112.70000000000007,0.0,44.0,140.0,4.375,10.266607317242226,0.0,0.0,0.0,1.25,18.50000000000001,0.0,60.0,148.0,4.625,11.381223926472765,0.0,0.0,1.0,2.25,11.800000000000004,0.0,11.0,1.8125,3.0100637652660684,0.0,0.0,0.0,2.25,5.900000000000002
2022-01-13,stars,001_1week,haskell,q50 - q75,32,22.0,32.0,31.0,23.0,22.0,7.0,15.0,751403.0,1306610.0,40831.5625,133965.92397874856,69.3,175.0,4967.0,24728.0,46173.10000000001,643.0,1394.0,961.28125,241.6602833324553,679.8,741.0,908.0,1213.25,1298.3,0.0,6.0,2.28125,1.8357449924810785,0.10000000000000009,1.0,2.0,3.25,5.0,0.0,1315.0,6634.0,207.3125,379.9077508995419,0.0,1.0,37.0,142.25,667.8000000000002,0.0,219.0,1116.0,34.875,55.491208254536915,0.0,0.0,6.0,39.5,104.20000000000005,0.0,155.0,878.0,27.4375,43.074532180635984,0.0,0.0,10.5,25.25,87.30000000000001,0.0,13.0,2.09375,3.0305900096271046,0.0,0.0,0.0,4.0,5.800000000000004
2022-01-13,stars,001_1week,haskell,q75 - q90,20,15.0,19.0,20.0,13.0,16.0,4.0,23.0,131348.0,335697.0,16784.85,31242.188438872203,79.10000000000001,1016.0,4699.5,13618.75,48318.100000000006,1464.0,2741.0,1921.55,425.9591622382794,1529.0,1595.75,1740.0,2206.0,2609.5,0.0,6.0,2.5,1.9056702094980706,0.0,1.0,2.5,4.0,5.0,1.0,3476.0,17045.0,852.25,1094.2542221218882,6.9,8.0,332.0,1373.5,2648.4000000000005,0.0,659.0,2074.0,103.7,172.90675917505666,0.0,0.75,20.5,136.75,352.50000000000006,0.0,336.0,1330.0,66.5,93.04130378776037,0.0,0.0,30.5,92.5,184.1000000000001,0.0,20.0,2.95,4.582288557157072,0.0,0.0,2.0,4.0,6.100000000000001
2022-01-13,stars,001_1week,haskell,q90 <,13,10.0,12.0,13.0,8.0,11.0,2.0,50.0,455613.0,764315.0,58793.46153846154,124361.08547734121,805.8000000000004,2602.0,13492.0,41655.0,107267.40000000002,3008.0,4281.0,3487.923076923077,455.07059187530854,3044.4,3093.0,3254.0,3939.0,4087.2000000000003,0.0,5.0,2.1538461538461537,1.5191090506255,0.20000000000000018,1.0,2.0,3.0,4.0,1.0,2650.0,8726.0,671.2307692307693,854.8180268187838,2.2,105.0,318.0,1317.0,1797.6000000000004,0.0,668.0,2056.0,158.15384615384616,219.51341878263622,0.8000000000000007,12.0,102.0,135.0,514.2000000000003,0.0,1443.0,2105.0,161.92307692307693,394.69787212044895,0.20000000000000018,8.0,42.0,67.0,279.6000000000002,0.0,20.0,3.1538461538461537,5.5203585911024815,0.0,0.0,0.0,4.0,5.800000000000001
2022-01-13,stars,001_1week,idris,< q10,1,1.0,1.0,1.0,1.0,1.0,0.0,6.0,6.0,6.0,6.0,,6.0,6.0,6.0,6.0,6.0,5.0,5.0,5.0,,5.0,5.0,5.0,5.0,5.0,2.0,2.0,2.0,,2.0,2.0,2.0,2.0,2.0,0.0,0.0,0.0,0.0,,0.0,0.0,0.0,0.0,0.0,0.0,0.0,0.0,0.0,,0.0,0.0,0.0,0.0,0.0,0.0,0.0,0.0,0.0,,0.0,0.0,0.0,0.0,0.0,0.0,0.0,0.0,,0.0,0.0,0.0,0.0,0.0
2022-01-13,stars,001_1week,idris,q25 - q50,1,1.0,1.0,1.0,1.0,1.0,0.0,6542.0,6542.0,6542.0,6542.0,,6542.0,6542.0,6542.0,6542.0,6542.0,245.0,245.0,245.0,,245.0,245.0,245.0,245.0,245.0,1.0,1.0,1.0,,1.0,1.0,1.0,1.0,1.0,0.0,0.0,0.0,0.0,,0.0,0.0,0.0,0.0,0.0,0.0,0.0,0.0,0.0,,0.0,0.0,0.0,0.0,0.0,0.0,0.0,0.0,0.0,,0.0,0.0,0.0,0.0,0.0,0.0,0.0,0.0,,0.0,0.0,0.0,0.0,0.0
2022-01-13,stars,001_1week,idris,q50 - q75,1,1.0,1.0,1.0,1.0,1.0,0.0,463.0,463.0,463.0,463.0,,463.0,463.0,463.0,463.0,463.0,445.0,445.0,445.0,,445.0,445.0,445.0,445.0,445.0,1.0,1.0,1.0,,1.0,1.0,1.0,1.0,1.0,62.0,62.0,62.0,62.0,,62.0,62.0,62.0,62.0,62.0,7.0,7.0,7.0,7.0,,7.0,7.0,7.0,7.0,7.0,0.0,0.0,0.0,0.0,,0.0,0.0,0.0,0.0,0.0,0.0,0.0,0.0,,0.0,0.0,0.0,0.0,0.0
2022-01-13,stars,001_1week,idris,q75 - q90,1,1.0,1.0,1.0,1.0,1.0,1.0,1308.0,1308.0,1308.0,1308.0,,1308.0,1308.0,1308.0,1308.0,1308.0,476.0,476.0,476.0,,476.0,476.0,476.0,476.0,476.0,5.0,5.0,5.0,,5.0,5.0,5.0,5.0,5.0,35.0,35.0,35.0,35.0,,35.0,35.0,35.0,35.0,35.0,7.0,7.0,7.0,7.0,,7.0,7.0,7.0,7.0,7.0,2.0,2.0,2.0,2.0,,2.0,2.0,2.0,2.0,2.0,3.0,3.0,3.0,,3.0,3.0,3.0,3.0,3.0
2022-01-13,stars,001_1week,idris,q90 <,1,1.0,1.0,1.0,0.0,0.0,1.0,469.0,469.0,469.0,469.0,,469.0,469.0,469.0,469.0,469.0,683.0,683.0,683.0,,683.0,683.0,683.0,683.0,683.0,0.0,0.0,0.0,,0.0,0.0,0.0,0.0,0.0,17.0,17.0,17.0,17.0,,17.0,17.0,17.0,17.0,17.0,0.0,0.0,0.0,0.0,,0.0,0.0,0.0,0.0,0.0,31.0,31.0,31.0,31.0,,31.0,31.0,31.0,31.0,31.0,0.0,0.0,0.0,,0.0,0.0,0.0,0.0,0.0
2022-01-13,stars,001_1week,isabelle,< q10,1,1.0,1.0,1.0,1.0,1.0,0.0,3661.0,3661.0,3661.0,3661.0,,3661.0,3661.0,3661.0,3661.0,3661.0,16.0,16.0,16.0,,16.0,16.0,16.0,16.0,16.0,4.0,4.0,4.0,,4.0,4.0,4.0,4.0,4.0,1.0,1.0,1.0,1.0,,1.0,1.0,1.0,1.0,1.0,0.0,0.0,0.0,0.0,,0.0,0.0,0.0,0.0,0.0,0.0,0.0,0.0,0.0,,0.0,0.0,0.0,0.0,0.0,0.0,0.0,0.0,,0.0,0.0,0.0,0.0,0.0
2022-01-13,stars,001_1week,isabelle,q90 <,1,1.0,1.0,1.0,0.0,0.0,0.0,66068.0,66068.0,66068.0,66068.0,,66068.0,66068.0,66068.0,66068.0,66068.0,2737.0,2737.0,2737.0,,2737.0,2737.0,2737.0,2737.0,2737.0,1.0,1.0,1.0,,1.0,1.0,1.0,1.0,1.0,383.0,383.0,383.0,383.0,,383.0,383.0,383.0,383.0,383.0,81.0,81.0,81.0,81.0,,81.0,81.0,81.0,81.0,81.0,12.0,12.0,12.0,12.0,,12.0,12.0,12.0,12.0,12.0,5.0,5.0,5.0,,5.0,5.0,5.0,5.0,5.0
2022-01-13,stars,001_1week,lean,< q10,1,0.0,1.0,1.0,0.0,0.0,1.0,81865.0,81865.0,81865.0,81865.0,,81865.0,81865.0,81865.0,81865.0,81865.0,181.0,181.0,181.0,,181.0,181.0,181.0,181.0,181.0,1.0,1.0,1.0,,1.0,1.0,1.0,1.0,1.0,5.0,5.0,5.0,5.0,,5.0,5.0,5.0,5.0,5.0,2.0,2.0,2.0,2.0,,2.0,2.0,2.0,2.0,2.0,1.0,1.0,1.0,1.0,,1.0,1.0,1.0,1.0,1.0,0.0,0.0,0.0,,0.0,0.0,0.0,0.0,0.0
2022-01-13,stars,001_1week,lean,q50 - q75,1,1.0,1.0,1.0,1.0,1.0,1.0,576879.0,576879.0,576879.0,576879.0,,576879.0,576879.0,576879.0,576879.0,576879.0,1369.0,1369.0,1369.0,,1369.0,1369.0,1369.0,1369.0,1369.0,0.0,0.0,0.0,,0.0,0.0,0.0,0.0,0.0,1312.0,1312.0,1312.0,1312.0,,1312.0,1312.0,1312.0,1312.0,1312.0,115.0,115.0,115.0,115.0,,115.0,115.0,115.0,115.0,115.0,106.0,106.0,106.0,106.0,,106.0,106.0,106.0,106.0,106.0,2.0,2.0,2.0,,2.0,2.0,2.0,2.0,2.0
2022-01-13,stars,001_1week,lean,q90 <,1,0.0,1.0,1.0,1.0,1.0,0.0,437.0,437.0,437.0,437.0,,437.0,437.0,437.0,437.0,437.0,1745.0,1745.0,1745.0,,1745.0,1745.0,1745.0,1745.0,1745.0,4.0,4.0,4.0,,4.0,4.0,4.0,4.0,4.0,19.0,19.0,19.0,19.0,,19.0,19.0,19.0,19.0,19.0,1.0,1.0,1.0,1.0,,1.0,1.0,1.0,1.0,1.0,0.0,0.0,0.0,0.0,,0.0,0.0,0.0,0.0,0.0,0.0,0.0,0.0,,0.0,0.0,0.0,0.0,0.0
2022-01-13,stars,001_1week,ocaml,< q10,5,2.0,5.0,5.0,5.0,5.0,0.0,17.0,38.0,127.0,25.4,9.09945053286186,18.2,20.0,20.0,32.0,35.6,1.0,14.0,6.2,5.215361924162119,1.4,2.0,6.0,8.0,11.600000000000001,1.0,5.0,3.0,1.8708286933869707,1.4,2.0,2.0,5.0,5.0,0.0,2.0,2.0,0.4,0.894427190999916,0.0,0.0,0.0,0.0,1.2000000000000002,0.0,0.0,0.0,0.0,0.0,0.0,0.0,0.0,0.0,0.0,0.0,0.0,0.0,0.0,0.0,0.0,0.0,0.0,0.0,0.0,0.0,4.0,0.8,1.788854381999832,0.0,0.0,0.0,0.0,2.4000000000000004
2022-01-13,stars,001_1week,ocaml,q10 - q25,9,4.0,9.0,9.0,8.0,8.0,0.0,24.0,992.0,2132.0,236.88888888888889,302.52167048182037,48.0,70.0,136.0,314.0,450.4000000000001,26.0,118.0,63.22222222222222,40.02117495082378,26.0,27.0,61.0,108.0,114.0,1.0,6.0,2.5555555555555554,1.810463415200036,1.0,1.0,2.0,3.0,5.2,0.0,4.0,15.0,1.6666666666666667,1.6583123951776997,0.0,0.0,1.0,3.0,4.0,0.0,2.0,4.0,0.4444444444444444,0.7264831572567788,0.0,0.0,0.0,1.0,1.2000000000000002,0.0,10.0,15.0,1.6666666666666667,3.2015621187164243,0.0,0.0,1.0,1.0,3.6000000000000014,0.0,5.0,1.5555555555555556,2.351122663277647,0.0,0.0,0.0,4.0,5.0
2022-01-13,stars,001_1week,ocaml,q25 - q50,13,11.0,13.0,13.0,10.0,11.0,3.0,41.0,8217.0,26429.0,2033.0,2795.9288259896744,64.80000000000001,114.0,266.0,4124.0,5965.800000000001,121.0,639.0,343.84615384615387,183.14331644636763,129.0,140.0,383.0,480.0,568.0,0.0,5.0,2.3846153846153846,1.386750490563073,1.0,1.0,3.0,3.0,3.8000000000000007,0.0,74.0,241.0,18.53846153846154,25.171463288862732,0.0,0.0,10.0,28.0,58.800000000000026,0.0,6.0,25.0,1.9230769230769231,2.215909838025097,0.0,0.0,1.0,4.0,4.800000000000001,0.0,17.0,35.0,2.6923076923076925,5.5884496267542065,0.0,0.0,0.0,1.0,11.000000000000007,0.0,14.0,3.0,4.183300132670378,0.0,0.0,0.0,5.0,6.600000000000001
2022-01-13,stars,001_1week,ocaml,q50 - q75,13,13.0,13.0,13.0,11.0,12.0,6.0,103.0,116063.0,264979.0,20383.0,31494.036887957063,665.4000000000001,3062.0,7890.0,28843.0,35859.4,640.0,2038.0,1386.3846153846155,427.43372555706196,750.8000000000001,1149.0,1402.0,1638.0,1864.8,1.0,4.0,1.6153846153846154,0.8697184926229041,1.0,1.0,1.0,2.0,2.0,3.0,944.0,2238.0,172.15384615384616,252.69871591609052,12.4,26.0,106.0,205.0,297.00000000000006,0.0,91.0,387.0,29.76923076923077,31.646889910789675,1.2000000000000002,3.0,12.0,50.0,66.8,0.0,220.0,778.0,59.84615384615385,77.40999736666895,0.20000000000000018,6.0,26.0,87.0,189.40000000000006,0.0,6.0,2.076923076923077,2.498717619818162,0.0,0.0,0.0,4.0,5.800000000000001
2022-01-13,stars,001_1week,ocaml,q75 - q90,8,8.0,8.0,8.0,7.0,7.0,5.0,207.0,141544.0,300459.0,37557.375,52125.429478018275,219.6,2078.25,11894.0,53415.75,106280.09999999999,2177.0,3263.0,2771.5,389.5480898242402,2402.4,2532.75,2678.0,3135.25,3239.2,0.0,4.0,1.25,1.164964745021435,0.7000000000000001,1.0,1.0,1.0,1.8999999999999995,16.0,21581.0,36438.0,4554.75,8174.084251898977,25.1,63.5,243.0,4247.75,15490.999999999998,5.0,1841.0,3921.0,490.125,811.7048086765111,9.200000000000001,17.75,43.5,587.25,1785.0,2.0,2481.0,3080.0,385.0,856.0924516162293,4.800000000000001,7.5,13.0,253.25,974.5999999999996,0.0,7.0,1.625,2.6152028055746874,0.0,0.0,0.0,2.5,4.8999999999999995
2022-01-13,stars,001_1week,ocaml,q90 <,6,5.0,6.0,6.0,5.0,6.0,2.0,306.0,168296.0,364431.0,60738.5,71250.2880015232,3148.0,9677.25,29110.0,108084.5,149957.5,3476.0,4488.0,3823.1666666666665,365.46650553322485,3547.0,3631.0,3687.0,3913.25,4235.5,0.0,3.0,1.8333333333333333,1.169045194450012,0.5,1.25,2.0,2.75,3.0,9.0,3607.0,6269.0,1044.8333333333333,1310.138224259817,111.5,302.0,737.0,950.75,2286.0,3.0,540.0,1137.0,189.5,200.34844646265665,23.5,58.5,124.5,262.5,420.5,1.0,2633.0,3251.0,541.8333333333334,1033.1264040119518,11.5,32.75,114.5,315.5,1499.5,0.0,5.0,2.1666666666666665,2.401388487243717,0.0,0.0,2.0,4.0,4.5
2022-01-13,stars,001_1week,rust,< q10,98,47.0,98.0,98.0,96.0,95.0,3.0,0.0,30937.0,70422.0,718.5918367346939,3320.996409403793,3.700000000000001,8.0,20.0,98.75,857.6999999999997,0.0,8.0,3.938775510204082,2.1385818912975534,1.0,2.0,4.0,6.0,7.0,0.0,6.0,2.704081632653061,1.878852378796335,1.0,1.0,2.5,4.0,5.0,0.0,21.0,85.0,0.8673469387755102,3.0107633552780886,0.0,0.0,0.0,1.0,1.0,0.0,1.0,2.0,0.02040816326530612,0.142118858106802,0.0,0.0,0.0,0.0,0.0,0.0,7.0,19.0,0.19387755102040816,0.8927908664650559,0.0,0.0,0.0,0.0,0.0,0.0,10.0,0.6224489795918368,1.8860054668747441,0.0,0.0,0.0,0.0,2.0
2022-01-13,stars,001_1week,rust,q10 - q25,152,87.0,151.0,152.0,137.0,135.0,8.0,3.0,328713.0,806173.0,5303.769736842105,29752.561205010337,15.0,44.5,123.0,800.75,7776.400000000004,9.0,70.0,31.42105263157895,17.653968398327102,12.0,15.75,26.5,44.0,59.80000000000001,0.0,6.0,2.5526315789473686,1.844230213913131,0.10000000000000142,1.0,2.0,4.0,5.0,0.0,1971.0,3278.0,21.56578947368421,165.6790830400401,0.0,0.0,1.0,3.0,9.900000000000006,0.0,97.0,211.0,1.388157894736842,8.092224493081448,0.0,0.0,0.0,0.0,2.0,0.0,121.0,230.0,1.513157894736842,10.073233065840638,0.0,0.0,0.0,0.0,1.9000000000000057,0.0,18.0,1.9276315789473684,3.3337566537287833,0.0,0.0,0.0,3.25,6.0
2022-01-13,stars,001_1week,rust,q25 - q50,250,191.0,249.0,250.0,210.0,213.0,21.0,5.0,131910.0,1279863.0,5119.452,14619.59533773258,35.800000000000004,182.25,655.5,2736.25,12991.4,71.0,306.0,182.0,69.62187026557896,89.0,118.0,180.5,247.25,275.1,0.0,6.0,2.672,1.8070633391352349,1.0,1.0,2.0,4.0,5.099999999999994,0.0,14682.0,36900.0,147.6,971.1613963864733,0.0,1.0,4.0,25.75,150.39999999999998,0.0,688.0,2457.0,9.828,49.32457878471093,0.0,0.0,1.0,4.0,15.0,0.0,363.0,1798.0,7.192,26.5036773988564,0.0,0.0,1.0,5.0,17.0,0.0,19.0,2.62,3.6310242837796602,0.0,0.0,0.0,4.0,7.0
2022-01-13,stars,001_1week,rust,q50 - q75,250,220.0,247.0,250.0,170.0,189.0,30.0,5.0,406163.0,2854384.0,11417.536,39280.36155638981,124.80000000000001,309.25,1186.5,5320.25,23742.099999999995,309.0,705.0,498.424,113.40858102011494,342.8,406.25,493.0,596.75,651.2,0.0,6.0,2.328,1.7779370745231275,0.0,1.0,2.0,3.0,5.0,0.0,16954.0,64254.0,257.016,1216.4160966646657,1.0,4.0,15.0,109.5,454.2,0.0,526.0,4010.0,16.04,45.879780043800025,0.0,0.0,3.0,12.75,35.39999999999998,0.0,360.0,4014.0,16.056,36.54030156627359,0.0,0.0,4.0,15.0,40.19999999999999,0.0,20.0,3.452,4.210297187804984,0.0,0.0,2.0,6.0,9.0
2022-01-13,stars,001_1week,rust,q75 - q90,150,140.0,148.0,149.0,99.0,114.0,30.0,28.0,484357.0,3911369.0,26075.793333333335,70862.79823604845,204.5,909.5,2862.5,15264.25,65042.49999999999,707.0,1283.0,948.62,165.8359207694451,736.0,791.75,945.0,1075.0,1185.5,0.0,6.0,2.3066666666666666,1.8058319641578084,1.0,1.0,2.0,3.0,5.0,0.0,27449.0,189451.0,1263.0066666666667,3512.7710366119745,1.9000000000000004,7.25,154.0,862.75,3197.199999999999,0.0,2499.0,13268.0,88.45333333333333,243.37312438594788,0.0,1.0,23.0,77.25,180.09999999999994,0.0,1188.0,7367.0,49.11333333333334,118.13327342805555,0.0,2.0,11.5,44.75,126.39999999999998,0.0,20.0,5.373333333333333,4.843242946325993,0.0,1.0,5.0,7.75,12.0
2022-01-13,stars,001_1week,rust,q90 <,100,97.0,100.0,100.0,57.0,72.0,25.0,8.0,756360.0,4867386.0,48673.86,133592.42842339905,275.7,1262.5,2991.5,20504.25,105138.20000000017,1303.0,4229.0,1870.59,486.72224869399315,1335.8,1477.25,1753.5,2142.75,2505.4000000000005,0.0,6.0,2.01,1.666636363360876,0.0,1.0,1.0,3.0,5.0,0.0,79716.0,399617.0,3996.17,10949.624201895118,14.9,77.75,492.5,2493.75,7979.800000000014,0.0,8712.0,34799.0,347.99,1035.5375951698238,3.9000000000000004,14.75,74.0,200.75,725.2,0.0,8292.0,16257.0,162.57,838.5547241257036,1.0,4.0,23.5,85.25,196.9000000000001,0.0,20.0,4.67,4.376371357943275,0.0,0.75,4.0,7.0,9.100000000000009
2022-01-13,stars,001_1week,sml,< q10,1,0.0,1.0,1.0,1.0,1.0,0.0,432.0,432.0,432.0,432.0,,432.0,432.0,432.0,432.0,432.0,304.0,304.0,304.0,,304.0,304.0,304.0,304.0,304.0,1.0,1.0,1.0,,1.0,1.0,1.0,1.0,1.0,0.0,0.0,0.0,0.0,,0.0,0.0,0.0,0.0,0.0,0.0,0.0,0.0,0.0,,0.0,0.0,0.0,0.0,0.0,0.0,0.0,0.0,0.0,,0.0,0.0,0.0,0.0,0.0,0.0,0.0,0.0,,0.0,0.0,0.0,0.0,0.0
2022-01-13,stars,001_1week,sml,q10 - q25,1,1.0,1.0,1.0,0.0,0.0,0.0,629.0,629.0,629.0,629.0,,629.0,629.0,629.0,629.0,629.0,1863.0,1863.0,1863.0,,1863.0,1863.0,1863.0,1863.0,1863.0,3.0,3.0,3.0,,3.0,3.0,3.0,3.0,3.0,11.0,11.0,11.0,11.0,,11.0,11.0,11.0,11.0,11.0,3.0,3.0,3.0,3.0,,3.0,3.0,3.0,3.0,3.0,0.0,0.0,0.0,0.0,,0.0,0.0,0.0,0.0,0.0,6.0,6.0,6.0,,6.0,6.0,6.0,6.0,6.0
2022-01-13,stars,001_1week,sml,q25 - q50,1,0.0,1.0,1.0,1.0,1.0,0.0,113711.0,113711.0,113711.0,113711.0,,113711.0,113711.0,113711.0,113711.0,113711.0,1888.0,1888.0,1888.0,,1888.0,1888.0,1888.0,1888.0,1888.0,0.0,0.0,0.0,,0.0,0.0,0.0,0.0,0.0,0.0,0.0,0.0,0.0,,0.0,0.0,0.0,0.0,0.0,0.0,0.0,0.0,0.0,,0.0,0.0,0.0,0.0,0.0,0.0,0.0,0.0,0.0,,0.0,0.0,0.0,0.0,0.0,0.0,0.0,0.0,,0.0,0.0,0.0,0.0,0.0
2022-01-13,stars,001_1week,sml,q50 - q75,1,0.0,1.0,1.0,0.0,0.0,1.0,40453.0,40453.0,40453.0,40453.0,,40453.0,40453.0,40453.0,40453.0,40453.0,2794.0,2794.0,2794.0,,2794.0,2794.0,2794.0,2794.0,2794.0,1.0,1.0,1.0,,1.0,1.0,1.0,1.0,1.0,207.0,207.0,207.0,207.0,,207.0,207.0,207.0,207.0,207.0,22.0,22.0,22.0,22.0,,22.0,22.0,22.0,22.0,22.0,9.0,9.0,9.0,9.0,,9.0,9.0,9.0,9.0,9.0,4.0,4.0,4.0,,4.0,4.0,4.0,4.0,4.0
2022-01-13,stars,001_1week,sml,q75 - q90,1,1.0,1.0,1.0,1.0,1.0,0.0,485.0,485.0,485.0,485.0,,485.0,485.0,485.0,485.0,485.0,3734.0,3734.0,3734.0,,3734.0,3734.0,3734.0,3734.0,3734.0,1.0,1.0,1.0,,1.0,1.0,1.0,1.0,1.0,58.0,58.0,58.0,58.0,,58.0,58.0,58.0,58.0,58.0,12.0,12.0,12.0,12.0,,12.0,12.0,12.0,12.0,12.0,0.0,0.0,0.0,0.0,,0.0,0.0,0.0,0.0,0.0,0.0,0.0,0.0,,0.0,0.0,0.0,0.0,0.0
2022-01-13,stars,001_1week,sml,q90 <,1,1.0,1.0,1.0,1.0,1.0,0.0,224080.0,224080.0,224080.0,224080.0,,224080.0,224080.0,224080.0,224080.0,224080.0,4588.0,4588.0,4588.0,,4588.0,4588.0,4588.0,4588.0,4588.0,1.0,1.0,1.0,,1.0,1.0,1.0,1.0,1.0,1368.0,1368.0,1368.0,1368.0,,1368.0,1368.0,1368.0,1368.0,1368.0,412.0,412.0,412.0,412.0,,412.0,412.0,412.0,412.0,412.0,193.0,193.0,193.0,193.0,,193.0,193.0,193.0,193.0,193.0,9.0,9.0,9.0,,9.0,9.0,9.0,9.0,9.0
2022-01-13,stars,001_1week,tla,< q10,1,1.0,1.0,1.0,0.0,0.0,0.0,4774.0,4774.0,4774.0,4774.0,,4774.0,4774.0,4774.0,4774.0,4774.0,967.0,967.0,967.0,,967.0,967.0,967.0,967.0,967.0,5.0,5.0,5.0,,5.0,5.0,5.0,5.0,5.0,163.0,163.0,163.0,163.0,,163.0,163.0,163.0,163.0,163.0,22.0,22.0,22.0,22.0,,22.0,22.0,22.0,22.0,22.0,9.0,9.0,9.0,9.0,,9.0,9.0,9.0,9.0,9.0,3.0,3.0,3.0,,3.0,3.0,3.0,3.0,3.0
2022-01-13,stars,001_1week,tla,q90 <,1,1.0,1.0,1.0,1.0,1.0,0.0,22118.0,22118.0,22118.0,22118.0,,22118.0,22118.0,22118.0,22118.0,22118.0,1815.0,1815.0,1815.0,,1815.0,1815.0,1815.0,1815.0,1815.0,1.0,1.0,1.0,,1.0,1.0,1.0,1.0,1.0,7.0,7.0,7.0,7.0,,7.0,7.0,7.0,7.0,7.0,3.0,3.0,3.0,3.0,,3.0,3.0,3.0,3.0,3.0,3.0,3.0,3.0,3.0,,3.0,3.0,3.0,3.0,3.0,0.0,0.0,0.0,,0.0,0.0,0.0,0.0,0.0
