ds,sortby,pushed,language,license_key,repo_count,repos_with_license,repos_with_issues,repos_with_downloads,repos_with_wiki,repos_with_projects,repos_with_pages,size_min,size_max,size_sum,size_avg,size_std,size_q10,size_q25,size_q50,size_q75,size_q90,days_since_create_min,days_since_create_max,days_since_create_avg,days_since_create_std,days_since_create_q10,days_since_create_q25,days_since_create_q50,days_since_create_q75,days_since_create_q90,days_since_push_min,days_since_push_max,days_since_push_avg,days_since_push_std,days_since_push_q10,days_since_push_q25,days_since_push_q50,days_since_push_q75,days_since_push_q90,stargazers_count_min,stargazers_count_max,stargazers_count_sum,stargazers_count_avg,stargazers_count_std,stargazers_count_q10,stargazers_count_q25,stargazers_count_q50,stargazers_count_q75,stargazers_count_q90,forks_count_min,forks_count_max,forks_count_sum,forks_count_avg,forks_count_std,forks_count_q10,forks_count_q25,forks_count_q50,forks_count_q75,forks_count_q90,open_issues_count_min,open_issues_count_max,open_issues_count_sum,open_issues_count_avg,open_issues_count_std,open_issues_count_q10,open_issues_count_q25,open_issues_count_q50,open_issues_count_q75,open_issues_count_q90,topics_count_min,topics_count_max,topics_count_avg,topics_count_std,topics_count_q10,topics_count_q25,topics_count_q50,topics_count_q75,topics_count_q90
2022-03-24,stars,001_1week,ada,,1,0.0,1.0,1.0,0.0,1.0,0.0,143397.0,143397.0,143397.0,143397.0,,143397.0,143397.0,143397.0,143397.0,143397.0,2023.0,2023.0,2023.0,,2023.0,2023.0,2023.0,2023.0,2023.0,1.0,1.0,1.0,,1.0,1.0,1.0,1.0,1.0,241.0,241.0,241.0,241.0,,241.0,241.0,241.0,241.0,241.0,43.0,43.0,43.0,43.0,,43.0,43.0,43.0,43.0,43.0,41.0,41.0,41.0,41.0,,41.0,41.0,41.0,41.0,41.0,0.0,0.0,0.0,,0.0,0.0,0.0,0.0,0.0
2022-03-24,stars,001_1week,ada,agpl-3.0,1,1.0,1.0,1.0,0.0,1.0,0.0,25992.0,25992.0,25992.0,25992.0,,25992.0,25992.0,25992.0,25992.0,25992.0,1506.0,1506.0,1506.0,,1506.0,1506.0,1506.0,1506.0,1506.0,1.0,1.0,1.0,,1.0,1.0,1.0,1.0,1.0,74.0,74.0,74.0,74.0,,74.0,74.0,74.0,74.0,74.0,3.0,3.0,3.0,3.0,,3.0,3.0,3.0,3.0,3.0,187.0,187.0,187.0,187.0,,187.0,187.0,187.0,187.0,187.0,7.0,7.0,7.0,,7.0,7.0,7.0,7.0,7.0
2022-03-24,stars,001_1week,ada,apache-2.0,1,1.0,1.0,1.0,1.0,1.0,0.0,11662.0,11662.0,11662.0,11662.0,,11662.0,11662.0,11662.0,11662.0,11662.0,2623.0,2623.0,2623.0,,2623.0,2623.0,2623.0,2623.0,2623.0,4.0,4.0,4.0,,4.0,4.0,4.0,4.0,4.0,11.0,11.0,11.0,11.0,,11.0,11.0,11.0,11.0,11.0,3.0,3.0,3.0,3.0,,3.0,3.0,3.0,3.0,3.0,1.0,1.0,1.0,1.0,,1.0,1.0,1.0,1.0,1.0,6.0,6.0,6.0,,6.0,6.0,6.0,6.0,6.0
2022-03-24,stars,001_1week,ada,bsd-3-clause,1,1.0,1.0,1.0,1.0,1.0,0.0,777.0,777.0,777.0,777.0,,777.0,777.0,777.0,777.0,777.0,69.0,69.0,69.0,,69.0,69.0,69.0,69.0,69.0,1.0,1.0,1.0,,1.0,1.0,1.0,1.0,1.0,17.0,17.0,17.0,17.0,,17.0,17.0,17.0,17.0,17.0,3.0,3.0,3.0,3.0,,3.0,3.0,3.0,3.0,3.0,15.0,15.0,15.0,15.0,,15.0,15.0,15.0,15.0,15.0,7.0,7.0,7.0,,7.0,7.0,7.0,7.0,7.0
2022-03-24,stars,001_1week,ada,cc0-1.0,1,1.0,1.0,1.0,1.0,1.0,1.0,51542.0,51542.0,51542.0,51542.0,,51542.0,51542.0,51542.0,51542.0,51542.0,39.0,39.0,39.0,,39.0,39.0,39.0,39.0,39.0,6.0,6.0,6.0,,6.0,6.0,6.0,6.0,6.0,1.0,1.0,1.0,1.0,,1.0,1.0,1.0,1.0,1.0,0.0,0.0,0.0,0.0,,0.0,0.0,0.0,0.0,0.0,0.0,0.0,0.0,0.0,,0.0,0.0,0.0,0.0,0.0,3.0,3.0,3.0,,3.0,3.0,3.0,3.0,3.0
2022-03-24,stars,001_1week,ada,gpl-2.0,1,1.0,1.0,1.0,1.0,1.0,0.0,24381.0,24381.0,24381.0,24381.0,,24381.0,24381.0,24381.0,24381.0,24381.0,4024.0,4024.0,4024.0,,4024.0,4024.0,4024.0,4024.0,4024.0,5.0,5.0,5.0,,5.0,5.0,5.0,5.0,5.0,44.0,44.0,44.0,44.0,,44.0,44.0,44.0,44.0,44.0,6.0,6.0,6.0,6.0,,6.0,6.0,6.0,6.0,6.0,3.0,3.0,3.0,3.0,,3.0,3.0,3.0,3.0,3.0,12.0,12.0,12.0,,12.0,12.0,12.0,12.0,12.0
2022-03-24,stars,001_1week,ada,gpl-3.0,2,2.0,2.0,2.0,2.0,2.0,0.0,6356.0,30037.0,36393.0,18196.5,16744.99568527863,8724.1,12276.25,18196.5,24116.75,27668.9,1780.0,1892.0,1836.0,79.19595949289332,1791.2,1808.0,1836.0,1864.0,1880.8,1.0,1.0,1.0,0.0,1.0,1.0,1.0,1.0,1.0,8.0,129.0,137.0,68.5,85.55992052357225,20.1,38.25,68.5,98.75,116.9,0.0,38.0,38.0,19.0,26.870057685088806,3.8000000000000003,9.5,19.0,28.5,34.2,1.0,22.0,23.0,11.5,14.849242404917497,3.1,6.25,11.5,16.75,19.9,0.0,0.0,0.0,0.0,0.0,0.0,0.0,0.0,0.0
2022-03-24,stars,001_1week,ada,other,4,4.0,4.0,4.0,2.0,4.0,2.0,625.0,11420.0,20445.0,5111.25,4788.0807132573145,1128.7,1884.25,4200.0,7427.0,9822.800000000001,12.0,2627.0,1108.5,1111.0741049393,208.50000000000003,503.25,897.5,1502.75,2177.3,2.0,6.0,4.0,1.8257418583505538,2.3,2.75,4.0,5.25,5.7,2.0,54.0,88.0,22.0,24.06934426471426,2.9000000000000004,4.25,16.0,33.75,45.900000000000006,0.0,10.0,19.0,4.75,4.112987559751022,1.2000000000000002,3.0,4.5,6.25,8.5,0.0,3.0,6.0,1.5,1.7320508075688772,0.0,0.0,1.5,3.0,3.0,0.0,7.0,1.75,3.5,0.0,0.0,0.0,1.75,4.900000000000001
2022-03-24,stars,001_1week,agda,,2,0.0,2.0,2.0,2.0,2.0,0.0,18.0,2432.0,2450.0,1225.0,1706.9557697843256,259.4,621.5,1225.0,1828.5,2190.6,6.0,104.0,55.0,69.29646455628166,15.8,30.5,55.0,79.5,94.2,1.0,5.0,3.0,2.8284271247461903,1.4,2.0,3.0,4.0,4.6,0.0,0.0,0.0,0.0,0.0,0.0,0.0,0.0,0.0,0.0,0.0,0.0,0.0,0.0,0.0,0.0,0.0,0.0,0.0,0.0,0.0,0.0,0.0,0.0,0.0,0.0,0.0,0.0,0.0,0.0,0.0,0.0,0.0,0.0,0.0,0.0,0.0,0.0,0.0
2022-03-24,stars,001_1week,agda,gpl-3.0,1,1.0,1.0,1.0,1.0,1.0,0.0,11171.0,11171.0,11171.0,11171.0,,11171.0,11171.0,11171.0,11171.0,11171.0,1508.0,1508.0,1508.0,,1508.0,1508.0,1508.0,1508.0,1508.0,1.0,1.0,1.0,,1.0,1.0,1.0,1.0,1.0,89.0,89.0,89.0,89.0,,89.0,89.0,89.0,89.0,89.0,16.0,16.0,16.0,16.0,,16.0,16.0,16.0,16.0,16.0,3.0,3.0,3.0,3.0,,3.0,3.0,3.0,3.0,3.0,11.0,11.0,11.0,,11.0,11.0,11.0,11.0,11.0
2022-03-24,stars,001_1week,agda,mit,1,1.0,1.0,1.0,1.0,1.0,0.0,1625.0,1625.0,1625.0,1625.0,,1625.0,1625.0,1625.0,1625.0,1625.0,1018.0,1018.0,1018.0,,1018.0,1018.0,1018.0,1018.0,1018.0,2.0,2.0,2.0,,2.0,2.0,2.0,2.0,2.0,5.0,5.0,5.0,5.0,,5.0,5.0,5.0,5.0,5.0,0.0,0.0,0.0,0.0,,0.0,0.0,0.0,0.0,0.0,0.0,0.0,0.0,0.0,,0.0,0.0,0.0,0.0,0.0,0.0,0.0,0.0,,0.0,0.0,0.0,0.0,0.0
2022-03-24,stars,001_1week,coq,,3,0.0,3.0,3.0,3.0,3.0,0.0,5.0,13.0,29.0,9.666666666666666,4.163331998932265,6.2,8.0,11.0,12.0,12.6,6.0,24.0,12.666666666666666,9.865765724632494,6.4,7.0,8.0,16.0,20.8,1.0,3.0,2.0,1.0,1.2,1.5,2.0,2.5,2.8,0.0,0.0,0.0,0.0,0.0,0.0,0.0,0.0,0.0,0.0,0.0,0.0,0.0,0.0,0.0,0.0,0.0,0.0,0.0,0.0,0.0,0.0,0.0,0.0,0.0,0.0,0.0,0.0,0.0,0.0,0.0,4.0,1.3333333333333333,2.3094010767585034,0.0,0.0,0.0,2.0,3.2
2022-03-24,stars,001_1week,coq,gpl-3.0,2,2.0,2.0,2.0,2.0,2.0,0.0,341.0,21384.0,21725.0,10862.5,14879.64799650852,2445.3,5601.75,10862.5,16123.25,19279.7,21.0,816.0,418.5,562.1498910433053,100.5,219.75,418.5,617.25,736.5,1.0,3.0,2.0,1.4142135623730951,1.2,1.5,2.0,2.5,2.8,0.0,2.0,2.0,1.0,1.4142135623730951,0.2,0.5,1.0,1.5,1.8,0.0,1.0,1.0,0.5,0.7071067811865476,0.1,0.25,0.5,0.75,0.9,0.0,0.0,0.0,0.0,0.0,0.0,0.0,0.0,0.0,0.0,0.0,0.0,0.0,0.0,0.0,0.0,0.0,0.0,0.0
2022-03-24,stars,001_1week,coq,mit,3,3.0,3.0,3.0,3.0,3.0,2.0,4166.0,18701.0,31142.0,10380.666666666666,7492.791891767269,4987.8,6220.5,8275.0,13488.0,16615.8,520.0,1395.0,1095.6666666666667,498.67457658610726,690.4,946.0,1372.0,1383.5,1390.4,1.0,2.0,1.6666666666666667,0.5773502691896258,1.2,1.5,2.0,2.0,2.0,28.0,174.0,352.0,117.33333333333333,78.29005896876905,52.400000000000006,89.0,150.0,162.0,169.2,5.0,41.0,79.0,26.333333333333332,18.903262505010435,10.600000000000001,19.0,33.0,37.0,39.4,7.0,43.0,71.0,23.666666666666668,18.14754345175493,9.8,14.0,21.0,32.0,38.6,0.0,8.0,2.6666666666666665,4.618802153517007,0.0,0.0,0.0,4.0,6.4
2022-03-24,stars,001_1week,coq,other,1,1.0,1.0,1.0,1.0,1.0,0.0,5226.0,5226.0,5226.0,5226.0,,5226.0,5226.0,5226.0,5226.0,5226.0,875.0,875.0,875.0,,875.0,875.0,875.0,875.0,875.0,1.0,1.0,1.0,,1.0,1.0,1.0,1.0,1.0,11.0,11.0,11.0,11.0,,11.0,11.0,11.0,11.0,11.0,2.0,2.0,2.0,2.0,,2.0,2.0,2.0,2.0,2.0,4.0,4.0,4.0,4.0,,4.0,4.0,4.0,4.0,4.0,4.0,4.0,4.0,,4.0,4.0,4.0,4.0,4.0
2022-03-24,stars,001_1week,elixir,,55,0.0,55.0,55.0,49.0,50.0,0.0,6.0,67924.0,176793.0,3214.418181818182,10077.76921907803,28.6,51.5,112.0,1464.5,5550.400000000001,1.0,2977.0,419.2909090909091,634.0348650516075,4.0,8.0,114.0,480.5,1404.0000000000002,0.0,6.0,2.727272727272727,1.890076869439593,1.0,1.0,3.0,4.0,6.0,0.0,1752.0,3759.0,68.34545454545454,294.2233479028789,0.0,0.0,0.0,1.0,8.600000000000001,0.0,253.0,438.0,7.963636363636364,37.312476136285504,0.0,0.0,0.0,0.0,2.6000000000000014,0.0,47.0,118.0,2.1454545454545455,8.13182632171884,0.0,0.0,0.0,0.0,1.6000000000000014,0.0,8.0,1.0727272727272728,2.193040722245624,0.0,0.0,0.0,0.0,4.600000000000001
2022-03-24,stars,001_1week,elixir,agpl-3.0,5,5.0,4.0,5.0,3.0,4.0,2.0,173.0,122327.0,195663.0,39132.6,51567.38875297061,261.8,395.0,17919.0,54849.0,95335.8,435.0,1239.0,780.6,404.8287292176779,461.8,502.0,521.0,1206.0,1225.8,1.0,6.0,3.4,2.5099800796022262,1.0,1.0,3.0,6.0,6.0,1.0,10587.0,10913.0,2182.6,4699.057809816772,4.2,9.0,92.0,224.0,6441.800000000001,0.0,507.0,525.0,105.0,224.770994570029,0.0,0.0,8.0,10.0,308.20000000000005,0.0,72.0,115.0,23.0,30.265491900843113,0.4,1.0,10.0,32.0,56.0,0.0,18.0,9.4,7.197221686178632,2.4000000000000004,6.0,8.0,15.0,16.8
2022-03-24,stars,001_1week,elixir,apache-2.0,24,24.0,24.0,24.0,15.0,15.0,3.0,45.0,320334.0,503664.0,20986.0,65166.31063871017,297.90000000000003,577.0,1968.5,12692.0,34636.09999999999,25.0,4092.0,1143.0833333333333,1094.675410166497,150.1,315.75,734.0,1822.25,2517.9999999999995,0.0,6.0,3.1666666666666665,2.200131748360749,1.0,1.0,3.0,6.0,6.0,1.0,19983.0,33452.0,1393.8333333333333,4151.754073166903,2.0,7.75,32.0,453.25,2314.2999999999997,0.0,2857.0,4821.0,200.875,621.6078948983837,0.30000000000000027,1.75,7.0,47.75,184.59999999999997,0.0,39.0,191.0,7.958333333333333,9.919147783636616,0.30000000000000027,1.0,5.0,9.0,20.099999999999998,0.0,16.0,4.208333333333333,4.3537007413150866,0.0,0.0,3.5,6.0,9.099999999999998
2022-03-24,stars,001_1week,elixir,bsd-3-clause,2,2.0,2.0,2.0,1.0,1.0,0.0,687.0,11252.0,11939.0,5969.5,7470.583143235875,1743.5,3328.25,5969.5,8610.75,10195.5,751.0,1465.0,1108.0,504.8742417671949,822.4,929.5,1108.0,1286.5,1393.6,1.0,6.0,3.5,3.5355339059327378,1.5,2.25,3.5,4.75,5.5,8.0,812.0,820.0,410.0,568.5138520739843,88.4,209.0,410.0,611.0,731.6,3.0,70.0,73.0,36.5,47.37615433949868,9.7,19.75,36.5,53.25,63.300000000000004,9.0,21.0,30.0,15.0,8.48528137423857,10.2,12.0,15.0,18.0,19.8,4.0,8.0,6.0,2.8284271247461903,4.4,5.0,6.0,7.0,7.6
2022-03-24,stars,001_1week,elixir,cc-by-sa-4.0,1,1.0,1.0,1.0,1.0,1.0,0.0,5629.0,5629.0,5629.0,5629.0,,5629.0,5629.0,5629.0,5629.0,5629.0,1005.0,1005.0,1005.0,,1005.0,1005.0,1005.0,1005.0,1005.0,1.0,1.0,1.0,,1.0,1.0,1.0,1.0,1.0,5.0,5.0,5.0,5.0,,5.0,5.0,5.0,5.0,5.0,0.0,0.0,0.0,0.0,,0.0,0.0,0.0,0.0,0.0,44.0,44.0,44.0,44.0,,44.0,44.0,44.0,44.0,44.0,0.0,0.0,0.0,,0.0,0.0,0.0,0.0,0.0
2022-03-24,stars,001_1week,elixir,cc0-1.0,1,1.0,1.0,1.0,1.0,1.0,0.0,750.0,750.0,750.0,750.0,,750.0,750.0,750.0,750.0,750.0,244.0,244.0,244.0,,244.0,244.0,244.0,244.0,244.0,3.0,3.0,3.0,,3.0,3.0,3.0,3.0,3.0,0.0,0.0,0.0,0.0,,0.0,0.0,0.0,0.0,0.0,0.0,0.0,0.0,0.0,,0.0,0.0,0.0,0.0,0.0,11.0,11.0,11.0,11.0,,11.0,11.0,11.0,11.0,11.0,0.0,0.0,0.0,,0.0,0.0,0.0,0.0,0.0
2022-03-24,stars,001_1week,elixir,gpl-3.0,8,8.0,8.0,8.0,5.0,7.0,0.0,225.0,48115.0,97904.0,12238.0,18105.342486996167,482.6,1238.75,3277.5,14222.0,37533.799999999996,133.0,1608.0,935.75,619.0464441380792,168.7,347.5,1094.5,1461.5,1554.8,1.0,6.0,2.125,1.7268882005337975,1.0,1.0,1.5,2.25,3.8999999999999995,0.0,1542.0,1562.0,195.25,544.181364200261,0.0,0.0,1.5,8.25,468.89999999999975,0.0,867.0,878.0,109.75,305.9849436071744,0.0,0.0,0.5,4.0,264.99999999999983,0.0,248.0,429.0,53.625,87.05981113169105,0.0,0.0,11.0,65.75,149.29999999999998,0.0,7.0,1.875,2.748376143938713,0.0,0.0,0.0,4.0,4.8999999999999995
2022-03-24,stars,001_1week,elixir,mit,37,37.0,37.0,37.0,26.0,31.0,3.0,21.0,323954.0,417660.0,11288.108108108108,53084.841400757185,73.2,166.0,798.0,2447.0,6031.2,1.0,2326.0,868.6756756756756,691.2280558724632,7.0,303.0,760.0,1434.0,1811.1999999999998,0.0,6.0,1.972972972972973,1.7557285048043683,0.0,1.0,1.0,3.0,4.399999999999999,0.0,1687.0,6601.0,178.40540540540542,365.9510789602787,0.0,1.0,21.0,96.0,531.3999999999997,0.0,150.0,724.0,19.56756756756757,38.903399266317,0.0,0.0,2.0,13.0,66.39999999999998,0.0,212.0,405.0,10.945945945945946,34.52128646529876,0.0,0.0,3.0,9.0,17.4,0.0,19.0,3.675675675675676,3.923250169424822,0.0,0.0,4.0,6.0,7.399999999999999
2022-03-24,stars,001_1week,elixir,other,3,3.0,3.0,3.0,1.0,2.0,0.0,12326.0,61980.0,104227.0,34742.333333333336,25175.66027601527,15845.0,21123.5,29921.0,45950.5,55568.200000000004,1169.0,3670.0,2372.3333333333335,1253.1657246084148,1390.8,1723.5,2278.0,2974.0,3391.6,1.0,6.0,3.0,2.6457513110645907,1.2,1.5,2.0,4.0,5.2,364.0,2388.0,3913.0,1304.3333333333333,1019.5843924527941,523.4,762.5,1161.0,1774.5,2142.6,18.0,257.0,497.0,165.66666666666666,129.07491364836676,58.800000000000004,120.0,222.0,239.5,250.0,10.0,43.0,82.0,27.333333333333332,16.56301099840646,13.8,19.5,29.0,36.0,40.2,0.0,7.0,2.3333333333333335,4.041451884327381,0.0,0.0,0.0,3.5,5.6000000000000005
2022-03-24,stars,001_1week,erlang,,2,0.0,2.0,2.0,2.0,2.0,0.0,16.0,390.0,406.0,203.0,264.45793616376875,53.4,109.5,203.0,296.5,352.6,5.0,352.0,178.5,245.36605307173198,39.7,91.75,178.5,265.25,317.3,1.0,2.0,1.5,0.7071067811865476,1.1,1.25,1.5,1.75,1.9,0.0,1.0,1.0,0.5,0.7071067811865476,0.1,0.25,0.5,0.75,0.9,0.0,1.0,1.0,0.5,0.7071067811865476,0.1,0.25,0.5,0.75,0.9,0.0,1.0,1.0,0.5,0.7071067811865476,0.1,0.25,0.5,0.75,0.9,0.0,0.0,0.0,0.0,0.0,0.0,0.0,0.0,0.0
2022-03-24,stars,001_1week,erlang,apache-2.0,9,9.0,9.0,9.0,7.0,6.0,1.0,195.0,110335.0,182136.0,20237.333333333332,36425.9976047328,579.0,1032.0,5090.0,10979.0,57185.40000000001,24.0,2730.0,1142.6666666666667,930.2541319445993,106.4,374.0,996.0,1744.0,2267.6,0.0,2.0,0.8888888888888888,0.6009252125773316,0.0,1.0,1.0,1.0,1.2000000000000002,0.0,676.0,1224.0,136.0,218.34147567514518,2.4000000000000004,12.0,52.0,85.0,350.4000000000001,0.0,195.0,352.0,39.111111111111114,61.313629081233735,1.6,4.0,22.0,40.0,78.20000000000002,0.0,235.0,321.0,35.666666666666664,75.48344189290788,0.0,3.0,9.0,25.0,70.20000000000005,0.0,17.0,4.666666666666667,5.766281297335398,0.0,0.0,3.0,8.0,9.8
2022-03-24,stars,001_1week,erlang,gpl-2.0,2,2.0,2.0,2.0,2.0,1.0,0.0,39790.0,53641.0,93431.0,46715.5,9794.13602621487,41175.1,43252.75,46715.5,50178.25,52255.9,3849.0,4427.0,4138.0,408.7077195258245,3906.8,3993.5,4138.0,4282.5,4369.2,1.0,4.0,2.5,2.1213203435596424,1.3,1.75,2.5,3.25,3.7,1478.0,5144.0,6622.0,3311.0,2592.253459829883,1844.6,2394.5,3311.0,4227.5,4777.4,416.0,1469.0,1885.0,942.5,744.5834405894345,521.3,679.25,942.5,1205.75,1363.7,108.0,160.0,268.0,134.0,36.76955262170047,113.2,121.0,134.0,147.0,154.8,7.0,19.0,13.0,8.48528137423857,8.2,10.0,13.0,16.0,17.8
2022-03-24,stars,001_1week,erlang,mit,1,1.0,1.0,1.0,0.0,1.0,0.0,5207.0,5207.0,5207.0,5207.0,,5207.0,5207.0,5207.0,5207.0,5207.0,2331.0,2331.0,2331.0,,2331.0,2331.0,2331.0,2331.0,2331.0,1.0,1.0,1.0,,1.0,1.0,1.0,1.0,1.0,2.0,2.0,2.0,2.0,,2.0,2.0,2.0,2.0,2.0,0.0,0.0,0.0,0.0,,0.0,0.0,0.0,0.0,0.0,0.0,0.0,0.0,0.0,,0.0,0.0,0.0,0.0,0.0,0.0,0.0,0.0,,0.0,0.0,0.0,0.0,0.0
2022-03-24,stars,001_1week,erlang,other,4,4.0,4.0,4.0,2.0,2.0,0.0,151.0,20182.0,34533.0,8633.25,10078.363371599577,171.4,202.0,7100.0,15531.25,18321.7,1197.0,1856.0,1517.75,269.2450866156459,1289.4,1428.0,1509.0,1598.75,1753.1000000000001,0.0,1.0,0.75,0.5,0.30000000000000004,0.75,1.0,1.0,1.0,40.0,567.0,706.0,176.5,260.44385191438096,40.6,41.5,49.5,184.5,414.0000000000001,9.0,71.0,117.0,29.25,28.68652413009751,9.9,11.25,18.5,36.5,57.20000000000001,1.0,24.0,30.0,7.5,11.030261405182864,1.3,1.75,2.5,8.25,17.700000000000003,0.0,4.0,2.5,1.9148542155126762,0.6000000000000001,1.5,3.0,4.0,4.0
2022-03-24,stars,001_1week,go,,30,0.0,30.0,30.0,24.0,26.0,3.0,14.0,59225.0,311494.0,10383.133333333333,14639.232240875846,52.2,445.25,3455.0,13260.25,29399.30000000001,8.0,4174.0,940.4333333333333,899.4687199457908,252.4,439.75,724.0,1087.5,1838.8,0.0,6.0,2.1666666666666665,1.8769625744130134,0.9000000000000004,1.0,1.0,3.75,5.0,18.0,571.0,2840.0,94.66666666666667,106.98157538223282,22.700000000000003,29.25,66.5,110.0,191.00000000000006,0.0,237.0,816.0,27.2,45.63528580325566,2.9000000000000004,7.5,13.5,22.75,71.5,0.0,129.0,369.0,12.3,24.836222157052845,0.0,1.0,4.0,13.75,24.200000000000017,0.0,20.0,2.9,4.404934537068862,0.0,0.0,0.0,5.0,7.0
2022-03-24,stars,001_1week,go,agpl-3.0,34,34.0,31.0,34.0,19.0,22.0,2.0,187.0,364846.0,1657326.0,48744.882352941175,95656.83041073526,681.9,1413.75,9624.5,19742.5,206506.8999999999,10.0,3759.0,987.1176470588235,837.437533254503,159.5,410.0,780.0,1431.75,2108.5,0.0,6.0,2.176470588235294,1.8984936330855338,0.0,1.0,1.5,3.0,5.699999999999999,19.0,15852.0,49759.0,1463.5,3028.4924467464007,68.6,83.75,152.0,1849.25,3223.7,1.0,836.0,5030.0,147.94117647058823,216.21943696112547,6.0,9.0,44.0,251.75,391.7,0.0,350.0,1569.0,46.14705882352941,79.94131648901232,2.0,7.25,16.5,35.5,140.99999999999997,0.0,20.0,8.117647058823529,5.682320833381017,1.3000000000000003,4.0,7.0,11.75,16.7
2022-03-24,stars,001_1week,go,apache-2.0,431,431.0,419.0,419.0,263.0,316.0,68.0,79.0,1314361.0,17669680.0,40996.9373549884,110093.6176391596,858.0,2540.5,10202.0,38959.5,98097.0,11.0,4098.0,1114.5104408352668,700.007484516493,293.0,545.0,1009.0,1533.0,2148.0,0.0,6.0,1.6334106728538282,1.5627040416064923,0.0,1.0,1.0,2.0,4.0,17.0,86742.0,789822.0,1832.5336426914153,5554.015565810095,30.0,71.0,283.0,1544.0,4547.0,0.0,31835.0,150702.0,349.6566125290023,1691.0545706394566,8.0,22.0,71.0,222.0,601.0,0.0,2246.0,36775.0,85.32482598607889,190.26956718348472,2.0,8.0,26.0,81.0,211.0,0.0,20.0,6.129930394431555,5.219534840254654,0.0,2.0,5.0,8.0,14.0
2022-03-24,stars,001_1week,go,bsd-2-clause,7,7.0,7.0,7.0,5.0,6.0,0.0,97.0,20326.0,39899.0,5699.857142857143,7066.626598044535,328.0,1187.0,2866.0,7118.0,12709.600000000006,298.0,1776.0,930.2857142857143,640.6415311455942,314.2,333.5,809.0,1481.0,1648.8000000000002,0.0,6.0,2.142857142857143,1.864454471471609,0.6000000000000001,1.5,2.0,2.0,3.6000000000000014,17.0,1108.0,3113.0,444.7142857142857,461.46820558073637,27.8,38.5,275.0,818.0,989.8000000000001,4.0,61.0,196.0,28.0,27.160019636713567,4.0,5.0,12.0,54.5,59.8,0.0,28.0,59.0,8.428571428571429,9.761440174775148,0.6000000000000001,2.0,5.0,11.0,19.000000000000007,0.0,19.0,10.142857142857142,6.817344825970773,2.4000000000000004,6.0,10.0,15.0,17.8
2022-03-24,stars,001_1week,go,bsd-3-clause,25,25.0,25.0,25.0,14.0,18.0,0.0,98.0,90502.0,376499.0,15059.96,21400.961846530798,1123.8000000000002,1892.0,5418.0,21248.0,41301.40000000004,153.0,3671.0,1392.56,997.5301198460124,359.6,617.0,906.0,2033.0,2569.4,0.0,6.0,2.44,1.9382122346808843,1.0,1.0,2.0,3.0,6.0,19.0,22020.0,55325.0,2213.0,4851.785685016738,29.0,51.0,145.0,1926.0,5202.4000000000015,1.0,2373.0,6144.0,245.76,516.5742347426941,3.200000000000001,18.0,32.0,254.0,525.8000000000001,0.0,375.0,1420.0,56.8,89.3261813057441,0.0,2.0,16.0,68.0,160.40000000000003,0.0,20.0,7.12,5.372150407425317,0.0,4.0,6.0,10.0,13.400000000000006
2022-03-24,stars,001_1week,go,cc-by-sa-4.0,2,2.0,2.0,2.0,2.0,2.0,0.0,6055.0,21488.0,27543.0,13771.5,10912.778954051988,7598.3,9913.25,13771.5,17629.75,19944.7,609.0,721.0,665.0,79.19595949289332,620.2,637.0,665.0,693.0,709.8,0.0,0.0,0.0,0.0,0.0,0.0,0.0,0.0,0.0,200.0,565.0,765.0,382.5,258.0939751330898,236.5,291.25,382.5,473.75,528.5,39.0,151.0,190.0,95.0,79.19595949289332,50.2,67.0,95.0,123.0,139.8,1.0,1.0,2.0,1.0,0.0,1.0,1.0,1.0,1.0,1.0,3.0,18.0,10.5,10.606601717798213,4.5,6.75,10.5,14.25,16.5
2022-03-24,stars,001_1week,go,cc0-1.0,4,4.0,4.0,4.0,4.0,4.0,1.0,59.0,1499.0,2648.0,662.0,636.5422216946806,130.10000000000002,236.75,545.0,970.25,1287.5,110.0,3564.0,1300.75,1540.0647984202915,304.40000000000003,596.0,764.5,1469.25,2726.1000000000004,0.0,4.0,2.5,1.7320508075688772,0.9000000000000001,2.25,3.0,3.25,3.7,17.0,754.0,1284.0,321.0,310.55326971927593,81.80000000000001,179.0,256.5,398.5,611.8000000000001,13.0,77.0,154.0,38.5,28.160255680657446,16.0,20.5,32.0,50.0,66.2,0.0,5.0,7.0,1.75,2.362907813126304,0.0,0.0,1.0,2.75,4.1000000000000005,0.0,15.0,4.5,7.14142842854285,0.0,0.0,1.5,6.0,11.400000000000002
2022-03-24,stars,001_1week,go,epl-1.0,1,1.0,1.0,1.0,1.0,1.0,1.0,6591.0,6591.0,6591.0,6591.0,,6591.0,6591.0,6591.0,6591.0,6591.0,1929.0,1929.0,1929.0,,1929.0,1929.0,1929.0,1929.0,1929.0,0.0,0.0,0.0,,0.0,0.0,0.0,0.0,0.0,1380.0,1380.0,1380.0,1380.0,,1380.0,1380.0,1380.0,1380.0,1380.0,51.0,51.0,51.0,51.0,,51.0,51.0,51.0,51.0,51.0,12.0,12.0,12.0,12.0,,12.0,12.0,12.0,12.0,12.0,4.0,4.0,4.0,,4.0,4.0,4.0,4.0,4.0
2022-03-24,stars,001_1week,go,epl-2.0,1,1.0,1.0,1.0,1.0,1.0,0.0,24904.0,24904.0,24904.0,24904.0,,24904.0,24904.0,24904.0,24904.0,24904.0,780.0,780.0,780.0,,780.0,780.0,780.0,780.0,780.0,5.0,5.0,5.0,,5.0,5.0,5.0,5.0,5.0,30.0,30.0,30.0,30.0,,30.0,30.0,30.0,30.0,30.0,16.0,16.0,16.0,16.0,,16.0,16.0,16.0,16.0,16.0,4.0,4.0,4.0,4.0,,4.0,4.0,4.0,4.0,4.0,0.0,0.0,0.0,,0.0,0.0,0.0,0.0,0.0
2022-03-24,stars,001_1week,go,gpl-2.0,8,8.0,8.0,8.0,4.0,6.0,1.0,460.0,756708.0,817558.0,102194.75,264758.298345464,470.5,752.5,5577.0,17124.0,253350.59999999986,395.0,3723.0,1362.875,1120.92454665143,471.3,597.75,917.0,1866.5,2512.7,1.0,6.0,3.5,1.927248223318863,1.0,2.5,3.5,4.5,6.0,23.0,2140.0,3251.0,406.375,740.8284816917572,30.7,39.25,81.5,265.0,1163.4999999999998,1.0,350.0,406.0,50.75,120.97668016133167,3.1,7.0,9.5,11.5,114.09999999999994,0.0,61.0,101.0,12.625,20.52133036623113,0.7000000000000001,1.0,5.0,11.5,31.599999999999994,0.0,20.0,9.625,5.902481318419036,3.5000000000000004,6.5,10.5,11.5,15.099999999999998
2022-03-24,stars,001_1week,go,gpl-3.0,44,44.0,42.0,44.0,32.0,37.0,6.0,41.0,191411.0,895224.0,20346.0,43468.99400347814,521.3,1063.5,3274.0,9034.5,89173.90000000021,100.0,2346.0,956.0227272727273,595.1529601565355,313.3,489.0,832.5,1377.0,1805.6000000000004,0.0,6.0,2.409090909090909,1.795578313501094,1.0,1.0,2.0,3.0,5.700000000000003,18.0,13531.0,48816.0,1109.4545454545455,2837.487460925438,20.0,37.25,124.0,465.0,2470.1000000000004,0.0,2402.0,7799.0,177.25,504.17642376361647,5.0,6.75,20.0,62.0,300.0,0.0,338.0,1263.0,28.704545454545453,69.12058204745733,0.0,1.0,6.5,18.25,72.30000000000005,0.0,20.0,7.454545454545454,6.348244750833924,0.0,1.75,6.0,13.25,16.700000000000003
2022-03-24,stars,001_1week,go,isc,3,3.0,3.0,3.0,3.0,3.0,0.0,47.0,22789.0,26636.0,8878.666666666666,12191.976145536593,797.6,1923.5,3800.0,13294.5,18991.2,7.0,1856.0,1158.6666666666667,1004.7459048601957,328.20000000000005,810.0,1613.0,1734.5,1807.4,0.0,6.0,2.6666666666666665,3.055050463303893,0.4,1.0,2.0,4.0,5.2,20.0,117.0,251.0,83.66666666666667,55.15735067362584,38.8,67.0,114.0,115.5,116.4,3.0,132.0,140.0,46.666666666666664,73.9075999700527,3.4,4.0,5.0,68.5,106.60000000000001,0.0,124.0,136.0,45.333333333333336,68.39103255057152,2.4000000000000004,6.0,12.0,68.0,101.60000000000001,0.0,6.0,2.6666666666666665,3.0550504633038935,0.4,1.0,2.0,4.0,5.2
2022-03-24,stars,001_1week,go,lgpl-3.0,3,3.0,3.0,3.0,2.0,3.0,0.0,20871.0,34039.0,83402.0,27800.666666666668,6611.165731800506,22395.2,24681.5,28492.0,31265.5,32929.6,341.0,1404.0,841.3333333333334,534.2343430867519,428.6,560.0,779.0,1091.5,1279.0,0.0,3.0,1.6666666666666667,1.5275252316519468,0.4,1.0,2.0,2.5,2.8,99.0,1606.0,2010.0,670.0,817.1174946113931,140.2,202.0,305.0,955.5,1345.8000000000002,24.0,222.0,317.0,105.66666666666667,103.45208230544871,33.4,47.5,71.0,146.5,191.8,2.0,33.0,43.0,14.333333333333334,16.441816606851365,3.2,5.0,8.0,20.5,28.0,0.0,12.0,5.666666666666667,6.027713773341707,1.0,2.5,5.0,8.5,10.6
2022-03-24,stars,001_1week,go,mit,297,297.0,296.0,296.0,205.0,213.0,34.0,18.0,229062.0,3992738.0,13443.56228956229,31303.201986675005,214.20000000000005,570.0,2937.0,9404.0,35445.600000000006,15.0,3446.0,1190.7912457912457,788.1332825983947,309.8,578.0,1000.0,1724.0,2355.6000000000004,0.0,6.0,2.3333333333333335,1.7359474397324122,0.6000000000000014,1.0,2.0,3.0,5.0,17.0,77468.0,502075.0,1690.4882154882155,5488.908915420835,24.6,60.0,251.0,1331.0,3998.4000000000165,0.0,9653.0,53524.0,180.21548821548822,636.8272024971815,4.0,10.0,32.0,140.0,435.4000000000002,0.0,1443.0,10525.0,35.437710437710436,111.66895903050411,0.0,2.0,8.0,28.0,68.80000000000007,0.0,20.0,6.575757575757576,4.738622738153509,0.0,3.0,6.0,9.0,13.0
2022-03-24,stars,001_1week,go,mpl-2.0,24,24.0,24.0,24.0,11.0,13.0,1.0,446.0,733302.0,2352351.0,98014.625,171224.8517435258,734.0000000000001,3225.0,12981.0,147199.5,275577.99999999994,231.0,3096.0,1591.9166666666667,1011.365238144725,327.7,616.0,1753.0,2512.0,2870.6,0.0,6.0,1.2916666666666667,1.5174110293140939,0.0,0.0,1.0,2.0,3.0,27.0,31726.0,121331.0,5055.458333333333,8961.671311415106,45.1,81.75,413.5,4678.5,19882.799999999992,2.0,7453.0,19678.0,819.9166666666666,1747.985397328983,6.9,27.25,83.0,564.5,2753.199999999999,0.0,1609.0,6302.0,262.5833333333333,467.84723599897865,4.300000000000001,14.75,53.0,144.5,1118.8999999999999,0.0,9.0,3.4166666666666665,2.636147826340329,0.0,1.5,3.0,5.0,7.0
2022-03-24,stars,001_1week,go,other,83,83.0,68.0,82.0,45.0,59.0,13.0,125.0,842919.0,4999078.0,60229.85542168675,120650.25427374906,983.8000000000005,5908.0,18153.0,53238.5,173248.59999999992,8.0,3458.0,1326.4939759036145,930.6661182957913,367.20000000000005,616.0,1052.0,2055.0,2809.3999999999996,0.0,6.0,1.819277108433735,1.6464638998453556,0.0,1.0,1.0,3.0,4.799999999999997,17.0,19635.0,172807.0,2082.012048192771,4131.520783883091,31.600000000000016,107.5,298.0,1912.0,7185.199999999999,3.0,1986.0,17613.0,212.20481927710844,351.61740429176916,8.0,20.5,56.0,242.5,537.9999999999999,0.0,799.0,8444.0,101.73493975903614,167.40006733813877,0.0,8.5,26.0,138.0,293.79999999999984,0.0,20.0,7.0120481927710845,5.854941577479481,0.0,3.0,5.0,10.0,16.0
2022-03-24,stars,001_1week,go,unlicense,2,2.0,2.0,2.0,2.0,2.0,0.0,64.0,2085.0,2149.0,1074.5,1429.0628047780126,266.1,569.25,1074.5,1579.75,1882.9,981.0,1607.0,1294.0,442.64884502277874,1043.6,1137.5,1294.0,1450.5,1544.4,3.0,4.0,3.5,0.7071067811865476,3.1,3.25,3.5,3.75,3.9,220.0,291.0,511.0,255.5,50.204581464244875,227.1,237.75,255.5,273.25,283.9,9.0,89.0,98.0,49.0,56.568542494923804,17.0,29.0,49.0,69.0,81.0,1.0,6.0,7.0,3.5,3.5355339059327378,1.5,2.25,3.5,4.75,5.5,5.0,6.0,5.5,0.7071067811865476,5.1,5.25,5.5,5.75,5.9
2022-03-24,stars,001_1week,go,zlib,1,1.0,1.0,1.0,1.0,1.0,0.0,232.0,232.0,232.0,232.0,,232.0,232.0,232.0,232.0,232.0,1976.0,1976.0,1976.0,,1976.0,1976.0,1976.0,1976.0,1976.0,1.0,1.0,1.0,,1.0,1.0,1.0,1.0,1.0,890.0,890.0,890.0,890.0,,890.0,890.0,890.0,890.0,890.0,29.0,29.0,29.0,29.0,,29.0,29.0,29.0,29.0,29.0,1.0,1.0,1.0,1.0,,1.0,1.0,1.0,1.0,1.0,0.0,0.0,0.0,,0.0,0.0,0.0,0.0,0.0
2022-03-24,stars,001_1week,haskell,,36,0.0,36.0,36.0,28.0,32.0,3.0,2.0,873474.0,1256642.0,34906.72222222222,146403.56124369014,9.0,47.25,809.5,9042.25,29495.0,1.0,3601.0,805.4722222222222,1060.201638129306,4.5,14.75,426.5,1328.5,2820.0,0.0,5.0,2.2777777777777777,1.504490632570394,1.0,1.0,2.0,3.25,4.0,0.0,1608.0,5181.0,143.91666666666666,407.903726386509,0.0,0.0,1.0,24.0,248.5,0.0,356.0,888.0,24.666666666666668,73.62297777965014,0.0,0.0,0.0,4.25,50.0,0.0,276.0,643.0,17.86111111111111,52.9329240118515,0.0,0.0,0.0,2.25,43.5,0.0,11.0,1.6111111111111112,2.8513433202893563,0.0,0.0,0.0,3.0,5.5
2022-03-24,stars,001_1week,haskell,agpl-3.0,3,3.0,3.0,3.0,2.0,2.0,0.0,4201.0,35513.0,47259.0,15753.0,17194.149702733193,4869.8,5873.0,7545.0,21529.0,29919.4,824.0,2527.0,1399.0,976.9385855825329,828.4,835.0,846.0,1686.5,2190.8,1.0,2.0,1.3333333333333333,0.5773502691896258,1.0,1.0,1.0,1.5,1.8,9.0,753.0,903.0,301.0,396.96851260521913,35.400000000000006,75.0,141.0,447.0,630.6,0.0,35.0,66.0,22.0,19.157244060668017,6.2,15.5,31.0,33.0,34.2,3.0,92.0,122.0,40.666666666666664,46.04707735929973,7.800000000000001,15.0,27.0,59.5,79.0,0.0,13.0,7.333333333333333,6.658328118479393,1.8,4.5,9.0,11.0,12.2
2022-03-24,stars,001_1week,haskell,apache-2.0,8,8.0,8.0,8.0,5.0,5.0,3.0,129.0,175526.0,492690.0,61586.25,73732.4669555898,474.80000000000007,2182.25,23149.0,130396.5,150885.3,689.0,1955.0,1073.875,415.6201691448575,717.7,750.25,1026.5,1166.75,1480.3999999999999,0.0,3.0,1.375,1.1877349391654208,0.0,0.75,1.0,2.25,3.0,5.0,1357.0,2881.0,360.125,465.91490256115594,7.1000000000000005,34.25,163.5,537.25,852.9999999999999,0.0,403.0,864.0,108.0,133.6284828491719,0.0,4.5,90.5,122.0,237.79999999999995,2.0,99.0,404.0,50.5,40.40155583991431,2.0,10.25,56.5,85.25,94.1,0.0,6.0,3.25,2.2519832529192065,0.0,2.25,3.5,5.0,5.3
2022-03-24,stars,001_1week,haskell,bsd-2-clause,1,1.0,1.0,1.0,1.0,1.0,0.0,3.0,3.0,3.0,3.0,,3.0,3.0,3.0,3.0,3.0,3.0,3.0,3.0,,3.0,3.0,3.0,3.0,3.0,2.0,2.0,2.0,,2.0,2.0,2.0,2.0,2.0,0.0,0.0,0.0,0.0,,0.0,0.0,0.0,0.0,0.0,0.0,0.0,0.0,0.0,,0.0,0.0,0.0,0.0,0.0,0.0,0.0,0.0,0.0,,0.0,0.0,0.0,0.0,0.0,0.0,0.0,0.0,,0.0,0.0,0.0,0.0,0.0
2022-03-24,stars,001_1week,haskell,bsd-3-clause,24,24.0,24.0,24.0,21.0,23.0,2.0,14.0,8574.0,29047.0,1210.2916666666667,1858.9144209122062,49.0,148.75,476.0,1748.5,2869.1,4.0,3086.0,1012.4583333333334,957.632814226861,27.700000000000017,278.0,916.0,1290.0,2475.9,0.0,6.0,2.6666666666666665,1.6854019432007687,1.0,1.0,2.5,3.25,5.399999999999999,0.0,653.0,1537.0,64.04166666666667,141.08414977891945,0.0,1.0,3.5,61.5,187.89999999999998,0.0,97.0,223.0,9.291666666666666,21.09910191096473,0.0,0.0,1.0,8.25,24.699999999999985,0.0,57.0,211.0,8.791666666666666,15.082322409873168,0.0,0.0,1.0,11.5,27.699999999999992,0.0,7.0,1.0416666666666667,1.9886453039512941,0.0,0.0,0.0,0.75,3.6999999999999993
2022-03-24,stars,001_1week,haskell,cc0-1.0,2,2.0,2.0,2.0,0.0,0.0,0.0,43.0,47.0,90.0,45.0,2.8284271247461903,43.4,44.0,45.0,46.0,46.6,420.0,542.0,481.0,86.2670273047588,432.2,450.5,481.0,511.5,529.8,3.0,3.0,3.0,0.0,3.0,3.0,3.0,3.0,3.0,2.0,3.0,5.0,2.5,0.7071067811865476,2.1,2.25,2.5,2.75,2.9,1.0,1.0,2.0,1.0,0.0,1.0,1.0,1.0,1.0,1.0,0.0,0.0,0.0,0.0,0.0,0.0,0.0,0.0,0.0,0.0,0.0,1.0,0.5,0.7071067811865476,0.1,0.25,0.5,0.75,0.9
2022-03-24,stars,001_1week,haskell,gpl-2.0,2,2.0,2.0,2.0,1.0,1.0,1.0,2291.0,7313.0,9604.0,4802.0,3551.0902551188415,2793.2,3546.5,4802.0,6057.5,6810.8,866.0,1602.0,1234.0,520.430590953299,939.6,1050.0,1234.0,1418.0,1528.4,3.0,4.0,3.5,0.7071067811865476,3.1,3.25,3.5,3.75,3.9,20.0,124.0,144.0,72.0,73.53910524340094,30.4,46.0,72.0,98.0,113.6,0.0,4.0,4.0,2.0,2.8284271247461903,0.4,1.0,2.0,3.0,3.6,3.0,49.0,52.0,26.0,32.526911934581186,7.6000000000000005,14.5,26.0,37.5,44.4,0.0,14.0,7.0,9.899494936611665,1.4000000000000001,3.5,7.0,10.5,12.6
2022-03-24,stars,001_1week,haskell,gpl-3.0,17,17.0,16.0,15.0,12.0,15.0,0.0,19.0,195392.0,400358.0,23550.470588235294,52293.665529533355,47.2,92.0,524.0,8760.0,84328.40000000001,2.0,3272.0,1109.9411764705883,1066.827684691173,11.600000000000001,43.0,1263.0,1739.0,2412.2000000000003,0.0,6.0,2.7058823529411766,1.759428383110298,1.0,1.0,3.0,3.0,5.0,0.0,1957.0,2496.0,146.8235294117647,472.3109721483979,0.0,0.0,2.0,33.0,188.00000000000006,0.0,250.0,310.0,18.235294117647058,60.05677460928607,0.0,0.0,1.0,5.0,19.0,0.0,330.0,422.0,24.823529411764707,79.98221309619225,0.0,0.0,0.0,5.0,34.40000000000001,0.0,20.0,3.176470588235294,4.863580138612489,0.0,0.0,3.0,3.0,6.4
2022-03-24,stars,001_1week,haskell,lgpl-3.0,1,1.0,1.0,1.0,1.0,1.0,0.0,119.0,119.0,119.0,119.0,,119.0,119.0,119.0,119.0,119.0,1372.0,1372.0,1372.0,,1372.0,1372.0,1372.0,1372.0,1372.0,2.0,2.0,2.0,,2.0,2.0,2.0,2.0,2.0,16.0,16.0,16.0,16.0,,16.0,16.0,16.0,16.0,16.0,0.0,0.0,0.0,0.0,,0.0,0.0,0.0,0.0,0.0,2.0,2.0,2.0,2.0,,2.0,2.0,2.0,2.0,2.0,7.0,7.0,7.0,,7.0,7.0,7.0,7.0,7.0
2022-03-24,stars,001_1week,haskell,mit,25,25.0,25.0,25.0,18.0,21.0,4.0,2.0,76135.0,264609.0,10584.36,19166.605628627447,42.600000000000016,204.0,1349.0,11462.0,32941.4,3.0,3900.0,947.88,1029.2685639164674,17.400000000000013,248.0,568.0,1140.0,1979.2000000000005,1.0,6.0,3.08,1.8009256878986797,1.0,2.0,3.0,4.0,6.0,0.0,8270.0,13251.0,530.04,1730.760080619687,0.0,1.0,11.0,83.0,502.40000000000026,0.0,476.0,873.0,34.92,97.32116933124055,0.0,0.0,2.0,26.0,65.60000000000002,0.0,183.0,431.0,17.24,40.803676304960554,0.0,0.0,0.0,17.0,32.60000000000001,0.0,10.0,2.96,3.1288975694324033,0.0,0.0,3.0,5.0,6.600000000000001
2022-03-24,stars,001_1week,haskell,mpl-2.0,4,4.0,4.0,4.0,4.0,4.0,2.0,147.0,51536.0,52794.0,13198.5,25560.93697421908,155.7,168.75,555.5,13585.25,36355.70000000001,739.0,3058.0,2011.75,1070.6298379925715,977.5,1335.25,2125.0,2801.5,2955.4,1.0,5.0,3.5,1.7320508075688772,1.9000000000000001,3.25,4.0,4.25,4.7,5.0,992.0,1047.0,261.75,487.1224178787094,5.9,7.25,25.0,279.5,707.0000000000002,1.0,152.0,176.0,44.0,72.58558167202814,1.3,1.75,11.5,53.75,112.70000000000002,0.0,99.0,106.0,26.5,48.404545241123785,0.30000000000000004,0.75,3.5,29.25,71.10000000000002,0.0,0.0,0.0,0.0,0.0,0.0,0.0,0.0,0.0
2022-03-24,stars,001_1week,haskell,other,40,40.0,39.0,40.0,33.0,36.0,14.0,4.0,520202.0,765798.0,19144.95,82035.62584413226,90.7,124.25,405.5,11048.25,25726.700000000004,1.0,4973.0,2435.575,1324.2230404646475,573.6,1392.5,2764.0,3375.25,4014.6,0.0,6.0,2.8,1.9242047974589664,0.9000000000000004,1.0,2.5,5.0,5.0,0.0,2678.0,10377.0,259.425,552.9839283378859,2.9000000000000004,12.75,37.0,155.5,714.1000000000003,0.0,674.0,2228.0,55.7,141.47305623695857,0.0,3.0,12.5,31.5,91.60000000000004,0.0,1446.0,2281.0,57.025,232.4562806978926,0.0,1.0,4.0,19.25,67.20000000000002,0.0,20.0,1.5,3.8894993415869257,0.0,0.0,0.0,0.0,4.100000000000001
2022-03-24,stars,001_1week,idris,,1,0.0,0.0,1.0,0.0,0.0,0.0,165.0,165.0,165.0,165.0,,165.0,165.0,165.0,165.0,165.0,33.0,33.0,33.0,,33.0,33.0,33.0,33.0,33.0,6.0,6.0,6.0,,6.0,6.0,6.0,6.0,6.0,45.0,45.0,45.0,45.0,,45.0,45.0,45.0,45.0,45.0,0.0,0.0,0.0,0.0,,0.0,0.0,0.0,0.0,0.0,0.0,0.0,0.0,0.0,,0.0,0.0,0.0,0.0,0.0,0.0,0.0,0.0,,0.0,0.0,0.0,0.0,0.0
2022-03-24,stars,001_1week,idris,apache-2.0,1,1.0,1.0,1.0,0.0,0.0,1.0,1012.0,1012.0,1012.0,1012.0,,1012.0,1012.0,1012.0,1012.0,1012.0,753.0,753.0,753.0,,753.0,753.0,753.0,753.0,753.0,1.0,1.0,1.0,,1.0,1.0,1.0,1.0,1.0,20.0,20.0,20.0,20.0,,20.0,20.0,20.0,20.0,20.0,0.0,0.0,0.0,0.0,,0.0,0.0,0.0,0.0,0.0,44.0,44.0,44.0,44.0,,44.0,44.0,44.0,44.0,44.0,0.0,0.0,0.0,,0.0,0.0,0.0,0.0,0.0
2022-03-24,stars,001_1week,idris,bsd-2-clause,1,1.0,1.0,1.0,1.0,1.0,0.0,474.0,474.0,474.0,474.0,,474.0,474.0,474.0,474.0,474.0,515.0,515.0,515.0,,515.0,515.0,515.0,515.0,515.0,4.0,4.0,4.0,,4.0,4.0,4.0,4.0,4.0,65.0,65.0,65.0,65.0,,65.0,65.0,65.0,65.0,65.0,9.0,9.0,9.0,9.0,,9.0,9.0,9.0,9.0,9.0,0.0,0.0,0.0,0.0,,0.0,0.0,0.0,0.0,0.0,0.0,0.0,0.0,,0.0,0.0,0.0,0.0,0.0
2022-03-24,stars,001_1week,idris,bsd-3-clause,1,1.0,1.0,1.0,1.0,1.0,0.0,135.0,135.0,135.0,135.0,,135.0,135.0,135.0,135.0,135.0,12.0,12.0,12.0,,12.0,12.0,12.0,12.0,12.0,4.0,4.0,4.0,,4.0,4.0,4.0,4.0,4.0,3.0,3.0,3.0,3.0,,3.0,3.0,3.0,3.0,3.0,0.0,0.0,0.0,0.0,,0.0,0.0,0.0,0.0,0.0,0.0,0.0,0.0,0.0,,0.0,0.0,0.0,0.0,0.0,0.0,0.0,0.0,,0.0,0.0,0.0,0.0,0.0
2022-03-24,stars,001_1week,isabelle,,1,0.0,1.0,1.0,1.0,1.0,0.0,76.0,76.0,76.0,76.0,,76.0,76.0,76.0,76.0,76.0,37.0,37.0,37.0,,37.0,37.0,37.0,37.0,37.0,1.0,1.0,1.0,,1.0,1.0,1.0,1.0,1.0,0.0,0.0,0.0,0.0,,0.0,0.0,0.0,0.0,0.0,0.0,0.0,0.0,0.0,,0.0,0.0,0.0,0.0,0.0,0.0,0.0,0.0,0.0,,0.0,0.0,0.0,0.0,0.0,0.0,0.0,0.0,,0.0,0.0,0.0,0.0,0.0
2022-03-24,stars,001_1week,isabelle,other,3,3.0,3.0,3.0,2.0,2.0,1.0,140.0,161139.0,230264.0,76754.66666666667,80780.22833796234,13909.0,34562.5,68985.0,115062.0,142708.2,205.0,2807.0,1893.0,1463.5258795115308,697.4000000000001,1436.0,2667.0,2737.0,2779.0,1.0,5.0,3.0,2.0,1.4,2.0,3.0,4.0,4.6,0.0,389.0,415.0,138.33333333333334,217.47260363855796,5.2,13.0,26.0,207.5,316.40000000000003,0.0,85.0,92.0,30.666666666666668,47.18403684863487,1.4000000000000001,3.5,7.0,46.0,69.4,0.0,14.0,17.0,5.666666666666667,7.371114795831994,0.6000000000000001,1.5,3.0,8.5,11.8,3.0,5.0,4.333333333333333,1.1547005383792515,3.4,4.0,5.0,5.0,5.0
2022-03-24,stars,001_1week,lean,,4,0.0,4.0,4.0,4.0,4.0,1.0,61.0,1833.0,2772.0,693.0,781.4742478162669,160.90000000000003,310.75,439.0,821.25,1428.3000000000002,48.0,1815.0,562.75,844.4668436356752,52.5,59.25,194.0,697.5,1368.0000000000002,1.0,4.0,2.25,1.2583057392117916,1.3,1.75,2.0,2.5,3.4000000000000004,0.0,19.0,29.0,7.25,8.539125638299666,0.6000000000000001,1.5,5.0,10.75,15.700000000000003,0.0,8.0,10.0,2.5,3.696845502136472,0.30000000000000004,0.75,1.0,2.75,5.900000000000001,0.0,0.0,0.0,0.0,0.0,0.0,0.0,0.0,0.0,0.0,0.0,1.0,0.25,0.5,0.0,0.0,0.0,0.25,0.7000000000000002
2022-03-24,stars,001_1week,lean,apache-2.0,2,2.0,2.0,2.0,2.0,2.0,1.0,1280.0,649281.0,650561.0,325280.5,458205.901315664,66080.1,163280.25,325280.5,487280.75,584480.9,299.0,1439.0,869.0,806.1017305526642,413.0,584.0,869.0,1154.0,1325.0,0.0,3.0,1.5,2.1213203435596424,0.30000000000000004,0.75,1.5,2.25,2.7,36.0,1470.0,1506.0,753.0,1013.9911242215092,179.4,394.5,753.0,1111.5,1326.6,8.0,131.0,139.0,69.5,86.97413408594535,20.3,38.75,69.5,100.25,118.7,12.0,78.0,90.0,45.0,46.66904755831214,18.6,28.5,45.0,61.5,71.4,1.0,2.0,1.5,0.7071067811865476,1.1,1.25,1.5,1.75,1.9
2022-03-24,stars,001_1week,ocaml,,8,0.0,8.0,8.0,8.0,8.0,1.0,4.0,106180.0,135512.0,16939.0,37254.4567113405,31.300000000000004,165.25,261.5,7869.0,50821.19999999998,7.0,765.0,181.875,304.92127204059926,10.5,14.25,22.0,173.0,629.9,0.0,6.0,1.75,1.9820624179302297,0.0,0.75,1.0,2.25,3.8999999999999995,0.0,19.0,45.0,5.625,7.1501748230375455,0.0,0.0,2.5,9.75,14.099999999999998,0.0,12.0,14.0,1.75,4.200340122282616,0.0,0.0,0.0,0.5,4.999999999999998,0.0,8.0,12.0,1.5,2.7774602993176543,0.0,0.0,0.0,2.0,3.799999999999999,0.0,2.0,0.25,0.7071067811865476,0.0,0.0,0.0,0.0,0.5999999999999996
2022-03-24,stars,001_1week,ocaml,apache-2.0,4,4.0,4.0,4.0,3.0,4.0,0.0,55.0,302165.0,307549.0,76887.25,150190.2272949764,807.4000000000001,1936.0,2664.5,77615.75,212345.30000000005,6.0,1557.0,673.5,681.8399127850075,93.00000000000001,223.5,565.5,1015.5,1340.4,0.0,5.0,2.25,2.217355782608345,0.30000000000000004,0.75,2.0,3.5,4.4,4.0,1348.0,1446.0,361.5,657.9810027652774,16.300000000000004,34.75,47.0,373.75,958.3000000000002,1.0,280.0,298.0,74.5,137.14833818412336,1.3,1.75,8.5,81.25,200.50000000000006,0.0,1864.0,1888.0,472.0,928.0229882210174,2.4000000000000004,6.0,12.0,478.0,1309.6000000000004,0.0,5.0,2.5,2.886751345948129,0.0,0.0,2.5,5.0,5.0
2022-03-24,stars,001_1week,ocaml,bsd-2-clause,1,1.0,1.0,1.0,1.0,1.0,1.0,16933.0,16933.0,16933.0,16933.0,,16933.0,16933.0,16933.0,16933.0,16933.0,3312.0,3312.0,3312.0,,3312.0,3312.0,3312.0,3312.0,3312.0,1.0,1.0,1.0,,1.0,1.0,1.0,1.0,1.0,393.0,393.0,393.0,393.0,,393.0,393.0,393.0,393.0,393.0,70.0,70.0,70.0,70.0,,70.0,70.0,70.0,70.0,70.0,23.0,23.0,23.0,23.0,,23.0,23.0,23.0,23.0,23.0,7.0,7.0,7.0,,7.0,7.0,7.0,7.0,7.0
2022-03-24,stars,001_1week,ocaml,bsd-3-clause,1,1.0,1.0,1.0,1.0,1.0,1.0,117418.0,117418.0,117418.0,117418.0,,117418.0,117418.0,117418.0,117418.0,117418.0,1219.0,1219.0,1219.0,,1219.0,1219.0,1219.0,1219.0,1219.0,1.0,1.0,1.0,,1.0,1.0,1.0,1.0,1.0,108.0,108.0,108.0,108.0,,108.0,108.0,108.0,108.0,108.0,40.0,40.0,40.0,40.0,,40.0,40.0,40.0,40.0,40.0,120.0,120.0,120.0,120.0,,120.0,120.0,120.0,120.0,120.0,0.0,0.0,0.0,,0.0,0.0,0.0,0.0,0.0
2022-03-24,stars,001_1week,ocaml,epl-2.0,1,1.0,1.0,1.0,1.0,1.0,0.0,193.0,193.0,193.0,193.0,,193.0,193.0,193.0,193.0,193.0,4.0,4.0,4.0,,4.0,4.0,4.0,4.0,4.0,4.0,4.0,4.0,,4.0,4.0,4.0,4.0,4.0,0.0,0.0,0.0,0.0,,0.0,0.0,0.0,0.0,0.0,0.0,0.0,0.0,0.0,,0.0,0.0,0.0,0.0,0.0,0.0,0.0,0.0,0.0,,0.0,0.0,0.0,0.0,0.0,0.0,0.0,0.0,,0.0,0.0,0.0,0.0,0.0
2022-03-24,stars,001_1week,ocaml,gpl-2.0,1,1.0,1.0,1.0,0.0,1.0,0.0,22183.0,22183.0,22183.0,22183.0,,22183.0,22183.0,22183.0,22183.0,22183.0,3740.0,3740.0,3740.0,,3740.0,3740.0,3740.0,3740.0,3740.0,1.0,1.0,1.0,,1.0,1.0,1.0,1.0,1.0,946.0,946.0,946.0,946.0,,946.0,946.0,946.0,946.0,946.0,107.0,107.0,107.0,107.0,,107.0,107.0,107.0,107.0,107.0,173.0,173.0,173.0,173.0,,173.0,173.0,173.0,173.0,173.0,0.0,0.0,0.0,,0.0,0.0,0.0,0.0,0.0
2022-03-24,stars,001_1week,ocaml,gpl-3.0,5,5.0,5.0,5.0,5.0,5.0,0.0,30.0,12883.0,15228.0,3045.6,5525.3552645961145,161.6,359.0,487.0,1469.0,8317.400000000001,25.0,1051.0,298.6,431.165049603977,41.400000000000006,66.0,80.0,271.0,739.0,0.0,3.0,1.4,1.1401754250991378,0.4,1.0,1.0,2.0,2.6,0.0,15.0,15.0,3.0,6.708203932499369,0.0,0.0,0.0,0.0,9.000000000000002,0.0,4.0,4.0,0.8,1.788854381999832,0.0,0.0,0.0,0.0,2.4000000000000004,0.0,5.0,5.0,1.0,2.2360679774997894,0.0,0.0,0.0,0.0,3.0000000000000004,0.0,4.0,0.8,1.7888543819998317,0.0,0.0,0.0,0.0,2.4000000000000004
2022-03-24,stars,001_1week,ocaml,isc,7,7.0,6.0,7.0,5.0,6.0,3.0,238.0,27857.0,62158.0,8879.714285714286,9957.82427230443,743.2,1973.0,3832.0,13142.5,19514.000000000004,24.0,3564.0,2116.714285714286,1553.0445061540374,57.60000000000001,899.5,2569.0,3430.5,3562.8,1.0,3.0,2.0,1.0,1.0,1.0,2.0,3.0,3.0,2.0,333.0,906.0,129.42857142857142,139.2884981406782,3.2,10.0,100.0,225.5,312.6,0.0,99.0,264.0,37.714285714285715,41.58410868634911,0.6000000000000001,5.5,11.0,71.5,86.4,0.0,28.0,75.0,10.714285714285714,10.451702982676807,0.0,2.5,8.0,17.0,22.6,0.0,11.0,4.571428571428571,4.894116973712515,0.0,0.5,2.0,9.0,10.4
2022-03-24,stars,001_1week,ocaml,lgpl-2.1,1,1.0,1.0,1.0,1.0,1.0,0.0,171712.0,171712.0,171712.0,171712.0,,171712.0,171712.0,171712.0,171712.0,171712.0,4053.0,4053.0,4053.0,,4053.0,4053.0,4053.0,4053.0,4053.0,1.0,1.0,1.0,,1.0,1.0,1.0,1.0,1.0,3706.0,3706.0,3706.0,3706.0,,3706.0,3706.0,3706.0,3706.0,3706.0,551.0,551.0,551.0,551.0,,551.0,551.0,551.0,551.0,551.0,2574.0,2574.0,2574.0,2574.0,,2574.0,2574.0,2574.0,2574.0,2574.0,4.0,4.0,4.0,,4.0,4.0,4.0,4.0,4.0
2022-03-24,stars,001_1week,ocaml,lgpl-3.0,1,1.0,1.0,1.0,0.0,0.0,0.0,180622.0,180622.0,180622.0,180622.0,,180622.0,180622.0,180622.0,180622.0,180622.0,4169.0,4169.0,4169.0,,4169.0,4169.0,4169.0,4169.0,4169.0,2.0,2.0,2.0,,2.0,2.0,2.0,2.0,2.0,93.0,93.0,93.0,93.0,,93.0,93.0,93.0,93.0,93.0,37.0,37.0,37.0,37.0,,37.0,37.0,37.0,37.0,37.0,96.0,96.0,96.0,96.0,,96.0,96.0,96.0,96.0,96.0,3.0,3.0,3.0,,3.0,3.0,3.0,3.0,3.0
2022-03-24,stars,001_1week,ocaml,mit,12,12.0,12.0,12.0,8.0,10.0,7.0,119.0,152694.0,354632.0,29552.666666666668,47658.85495769688,567.8,1283.75,8305.0,33453.75,90587.10000000002,140.0,3333.0,1709.0,1201.3091343878293,228.00000000000003,486.75,1743.0,2717.25,3119.7000000000003,0.0,6.0,2.9166666666666665,2.0652243256245835,1.0,1.75,2.0,5.0,5.9,0.0,21680.0,37539.0,3128.25,6925.241671201479,6.200000000000001,19.25,108.5,764.0,11957.600000000004,0.0,1836.0,4116.0,343.0,688.9623290928836,0.10000000000000009,4.0,30.5,173.75,1627.4000000000005,0.0,2492.0,3220.0,268.3333333333333,708.0530711148363,0.0,0.0,23.5,105.75,320.40000000000003,0.0,9.0,2.6666666666666665,3.498917581542075,0.0,0.0,0.0,5.5,7.0
2022-03-24,stars,001_1week,ocaml,other,5,5.0,5.0,5.0,4.0,5.0,0.0,434.0,37836.0,42719.0,8543.8,16407.29737647246,522.0,654.0,802.0,2993.0,23898.800000000003,1359.0,3688.0,2403.0,989.4498471372867,1443.4,1570.0,2308.0,3090.0,3448.8,1.0,6.0,3.6,2.3021728866442674,1.4,2.0,3.0,6.0,6.0,5.0,982.0,1509.0,301.8,435.37305842231444,7.4,11.0,12.0,499.0,788.8000000000001,0.0,304.0,371.0,74.2,131.57203350256466,0.0,0.0,1.0,66.0,208.8,0.0,401.0,410.0,82.0,178.3689995486884,0.0,0.0,0.0,9.0,244.20000000000005,0.0,4.0,1.8,1.7888543819998317,0.0,0.0,2.0,3.0,3.6
2022-03-24,stars,001_1week,rust,,200,0.0,199.0,200.0,187.0,190.0,11.0,0.0,65916.0,570258.0,2851.29,7905.542214448176,7.0,25.75,210.5,1301.75,7041.199999999995,0.0,1975.0,251.375,339.8267876477885,3.900000000000002,12.0,126.0,362.0,662.0,0.0,6.0,2.72,1.8839710012811612,1.0,1.0,2.0,4.0,6.0,0.0,1107.0,2974.0,14.87,81.42464592998928,0.0,0.0,1.0,4.0,30.099999999999994,0.0,250.0,656.0,3.28,19.24691713224425,0.0,0.0,0.0,1.0,4.099999999999994,0.0,136.0,709.0,3.545,13.076426870460164,0.0,0.0,0.0,1.0,7.099999999999994,0.0,12.0,1.27,2.452995297518575,0.0,0.0,0.0,2.0,5.0
2022-03-24,stars,001_1week,rust,0bsd,1,1.0,1.0,1.0,0.0,0.0,0.0,168.0,168.0,168.0,168.0,,168.0,168.0,168.0,168.0,168.0,565.0,565.0,565.0,,565.0,565.0,565.0,565.0,565.0,1.0,1.0,1.0,,1.0,1.0,1.0,1.0,1.0,9.0,9.0,9.0,9.0,,9.0,9.0,9.0,9.0,9.0,0.0,0.0,0.0,0.0,,0.0,0.0,0.0,0.0,0.0,0.0,0.0,0.0,0.0,,0.0,0.0,0.0,0.0,0.0,5.0,5.0,5.0,,5.0,5.0,5.0,5.0,5.0
2022-03-24,stars,001_1week,rust,agpl-3.0,19,19.0,19.0,19.0,14.0,16.0,1.0,123.0,103502.0,167534.0,8817.578947368422,23595.706177927535,251.8,485.5,966.0,5609.5,12786.39999999999,17.0,2184.0,428.89473684210526,496.04030915248563,45.6,103.0,281.0,643.0,670.4,0.0,6.0,2.1578947368421053,1.8337320140672697,0.8,1.0,1.0,3.0,5.199999999999999,0.0,19483.0,21070.0,1108.9473684210527,4453.1474571199415,1.0,2.5,7.0,134.5,397.1999999999997,0.0,978.0,1073.0,56.473684210526315,223.37570951725974,0.0,0.0,0.0,6.0,30.599999999999998,0.0,120.0,304.0,16.0,31.29075120720356,0.0,0.0,2.0,15.0,42.199999999999974,0.0,20.0,6.105263157894737,6.4540662190772355,0.0,0.5,5.0,10.5,13.399999999999995
2022-03-24,stars,001_1week,rust,apache-2.0,118,118.0,117.0,116.0,71.0,87.0,18.0,13.0,1193975.0,3342143.0,28323.245762711864,118277.42618698515,138.50000000000003,792.0,2468.0,12489.75,43739.999999999956,1.0,3584.0,696.5677966101695,588.8069130321246,66.4,261.5,592.5,1071.5,1365.8999999999999,0.0,6.0,1.8898305084745763,1.5346922534851837,0.0,1.0,1.0,3.0,4.0,0.0,17611.0,102113.0,865.3644067796611,2495.124328181117,1.0,10.25,74.0,576.5,1835.6,0.0,2539.0,9256.0,78.44067796610169,264.5996344220615,0.0,2.0,11.0,65.25,157.79999999999995,0.0,397.0,4453.0,37.73728813559322,73.38755896871318,0.0,1.0,5.0,36.5,94.19999999999996,0.0,20.0,3.983050847457627,4.266712841992639,0.0,0.0,3.0,6.0,9.299999999999997
2022-03-24,stars,001_1week,rust,bsd-2-clause,10,10.0,10.0,10.0,8.0,7.0,2.0,6.0,18929.0,30886.0,3088.6,5924.668939649239,6.9,8.75,51.5,3218.5,7217.299999999996,4.0,1959.0,548.2,686.8002782630641,5.8,50.25,245.0,1018.5,1340.6999999999998,1.0,5.0,2.3,1.4944341180973264,1.0,1.0,2.0,3.5,4.1,0.0,5862.0,9767.0,976.7,1930.9598678147383,0.0,1.0,21.5,684.0,3127.799999999999,0.0,410.0,590.0,59.0,129.50675658049659,0.0,0.0,4.0,27.5,156.1999999999999,0.0,122.0,232.0,23.2,40.68251057477484,0.0,0.0,1.0,35.75,63.49999999999998,0.0,13.0,3.4,4.2998707990925595,0.0,0.0,2.0,5.75,6.6999999999999975
2022-03-24,stars,001_1week,rust,bsd-3-clause,16,16.0,16.0,16.0,11.0,12.0,1.0,5.0,28710.0,45319.0,2832.4375,7120.11154377748,17.0,184.25,286.5,1611.5,5309.5,1.0,2833.0,566.8125,707.3393545533855,9.5,137.75,376.0,728.75,1070.5,1.0,6.0,2.625,1.4548768561863463,1.0,1.0,3.0,3.25,4.0,0.0,628.0,841.0,52.5625,155.17687488798066,0.5,2.0,3.5,17.0,71.5,0.0,64.0,124.0,7.75,18.541844568434932,0.0,0.0,0.0,2.5,26.0,0.0,8.0,34.0,2.125,2.5527762664727724,0.0,0.0,1.0,4.0,5.5,0.0,11.0,3.75,3.7327380477785113,0.0,0.0,4.0,5.25,9.0
2022-03-24,stars,001_1week,rust,cc0-1.0,11,11.0,10.0,11.0,9.0,8.0,4.0,17.0,8040.0,37633.0,3421.181818181818,3060.343667570092,62.0,435.0,2809.0,5633.0,7747.0,8.0,2807.0,637.1818181818181,807.6501492826976,51.0,118.5,395.0,711.5,1233.0,0.0,4.0,1.7272727272727273,1.1037127426019047,1.0,1.0,2.0,2.0,3.0,0.0,24943.0,25187.0,2289.7272727272725,7513.297133627941,0.0,1.0,21.0,47.5,91.0,0.0,1713.0,1769.0,160.8181818181818,514.859362968533,0.0,0.0,4.0,10.0,25.0,0.0,44.0,139.0,12.636363636363637,16.65696687439059,0.0,1.5,2.0,19.0,42.0,0.0,10.0,3.727272727272727,3.5239440713753982,0.0,1.0,2.0,5.5,9.0
2022-03-24,stars,001_1week,rust,epl-2.0,1,1.0,1.0,1.0,1.0,1.0,0.0,95.0,95.0,95.0,95.0,,95.0,95.0,95.0,95.0,95.0,664.0,664.0,664.0,,664.0,664.0,664.0,664.0,664.0,6.0,6.0,6.0,,6.0,6.0,6.0,6.0,6.0,8.0,8.0,8.0,8.0,,8.0,8.0,8.0,8.0,8.0,0.0,0.0,0.0,0.0,,0.0,0.0,0.0,0.0,0.0,0.0,0.0,0.0,0.0,,0.0,0.0,0.0,0.0,0.0,2.0,2.0,2.0,,2.0,2.0,2.0,2.0,2.0
2022-03-24,stars,001_1week,rust,eupl-1.2,1,1.0,1.0,1.0,1.0,1.0,0.0,2288.0,2288.0,2288.0,2288.0,,2288.0,2288.0,2288.0,2288.0,2288.0,1470.0,1470.0,1470.0,,1470.0,1470.0,1470.0,1470.0,1470.0,1.0,1.0,1.0,,1.0,1.0,1.0,1.0,1.0,220.0,220.0,220.0,220.0,,220.0,220.0,220.0,220.0,220.0,35.0,35.0,35.0,35.0,,35.0,35.0,35.0,35.0,35.0,16.0,16.0,16.0,16.0,,16.0,16.0,16.0,16.0,16.0,6.0,6.0,6.0,,6.0,6.0,6.0,6.0,6.0
2022-03-24,stars,001_1week,rust,gpl-2.0,5,5.0,5.0,5.0,5.0,5.0,0.0,206.0,8683.0,12068.0,2413.6,3574.8055611459486,350.4,567.0,573.0,2039.0,6025.400000000001,10.0,691.0,390.0,296.3292088201904,62.400000000000006,141.0,539.0,569.0,642.2,1.0,5.0,2.2,1.6431676725154982,1.0,1.0,2.0,2.0,3.8000000000000003,0.0,173.0,215.0,43.0,73.348483283569,0.8,2.0,16.0,24.0,113.4,0.0,34.0,44.0,8.8,14.324803663575988,0.0,0.0,4.0,6.0,22.800000000000004,0.0,94.0,115.0,23.0,40.07492981902776,0.0,0.0,8.0,13.0,61.60000000000001,0.0,6.0,3.0,2.8284271247461903,0.0,0.0,4.0,5.0,5.6
2022-03-24,stars,001_1week,rust,gpl-3.0,66,66.0,66.0,66.0,54.0,55.0,8.0,12.0,788798.0,1585170.0,24017.727272727272,98255.15296904602,80.0,307.75,2009.0,14040.25,34113.5,2.0,1804.0,486.3333333333333,474.2494745411576,19.5,100.5,321.5,753.5,1204.5,0.0,6.0,2.484848484848485,1.9074140709946643,0.0,1.0,2.0,3.75,6.0,0.0,7077.0,23662.0,358.5151515151515,1027.05465725913,0.0,1.0,11.0,138.0,1127.5,0.0,396.0,2175.0,32.95454545454545,74.53681213760329,0.0,0.0,1.0,20.75,117.5,0.0,154.0,1222.0,18.515151515151516,33.264091253178215,0.0,0.0,3.0,18.0,61.5,0.0,16.0,4.287878787878788,4.105400389037878,0.0,0.0,4.0,7.0,10.5
2022-03-24,stars,001_1week,rust,isc,9,9.0,9.0,9.0,6.0,7.0,1.0,8.0,112958.0,144955.0,16106.111111111111,37503.86379909557,12.8,51.0,135.0,2127.0,45529.20000000001,5.0,1087.0,313.3333333333333,413.852328735746,5.0,5.0,138.0,336.0,965.4,0.0,5.0,2.2222222222222223,1.7159383568311668,0.8,1.0,2.0,4.0,4.2,0.0,23749.0,24177.0,2686.3333333333335,7899.295348320634,0.8,1.0,3.0,58.0,5026.600000000004,0.0,988.0,1072.0,119.11111111111111,326.7779997354643,0.0,0.0,1.0,6.0,258.40000000000015,0.0,380.0,458.0,50.888888888888886,125.590051799938,0.0,0.0,0.0,7.0,132.80000000000007,0.0,13.0,2.7777777777777777,4.493822920904254,0.0,0.0,0.0,5.0,7.400000000000001
2022-03-24,stars,001_1week,rust,lgpl-2.1,2,2.0,2.0,2.0,2.0,2.0,1.0,35.0,12658.0,12693.0,6346.5,8925.808898917789,1297.3000000000002,3190.75,6346.5,9502.25,11395.7,1240.0,2226.0,1733.0,697.2072862499358,1338.6,1486.5,1733.0,1979.5,2127.4,5.0,5.0,5.0,0.0,5.0,5.0,5.0,5.0,5.0,6.0,515.0,521.0,260.5,359.9173516239527,56.900000000000006,133.25,260.5,387.75,464.1,9.0,24.0,33.0,16.5,10.606601717798213,10.5,12.75,16.5,20.25,22.5,1.0,16.0,17.0,8.5,10.606601717798213,2.5,4.75,8.5,12.25,14.5,2.0,7.0,4.5,3.5355339059327378,2.5,3.25,4.5,5.75,6.5
2022-03-24,stars,001_1week,rust,lgpl-3.0,4,4.0,4.0,4.0,4.0,4.0,1.0,14.0,64986.0,66328.0,16582.0,32270.80459693147,197.00000000000003,471.5,664.0,16774.5,45701.40000000001,8.0,852.0,277.75,386.9542393272534,39.5,86.75,125.5,316.5,637.8000000000002,1.0,6.0,3.25,2.6299556396765835,1.0,1.0,3.0,5.25,5.7,1.0,20.0,23.0,5.75,9.5,1.0,1.0,1.0,5.75,14.300000000000004,0.0,8.0,8.0,2.0,4.0,0.0,0.0,0.0,2.0,5.600000000000001,0.0,53.0,53.0,13.25,26.5,0.0,0.0,0.0,13.25,37.10000000000001,0.0,5.0,1.25,2.5,0.0,0.0,0.0,1.25,3.500000000000001
2022-03-24,stars,001_1week,rust,mit,275,275.0,275.0,275.0,218.0,229.0,32.0,2.0,405923.0,3062405.0,11136.018181818183,39772.96099536823,39.60000000000001,150.5,771.0,3221.5,24335.999999999996,0.0,2860.0,624.4036363636363,596.265238206369,25.400000000000002,150.5,440.0,928.0,1410.8,0.0,6.0,2.669090909090909,1.8746165279176086,1.0,1.0,2.0,4.0,6.0,0.0,81169.0,251684.0,915.2145454545455,5528.822165171732,0.0,1.0,8.0,74.5,886.3999999999994,0.0,4343.0,15276.0,55.54909090909091,353.19598210960385,0.0,0.0,1.0,9.5,48.599999999999994,0.0,850.0,3793.0,13.792727272727273,56.84885792735266,0.0,0.0,1.0,8.0,29.0,0.0,20.0,3.6981818181818182,3.9890127800650417,0.0,0.0,3.0,6.0,8.599999999999994
2022-03-24,stars,001_1week,rust,mit-0,1,1.0,1.0,1.0,1.0,1.0,0.0,137.0,137.0,137.0,137.0,,137.0,137.0,137.0,137.0,137.0,5.0,5.0,5.0,,5.0,5.0,5.0,5.0,5.0,1.0,1.0,1.0,,1.0,1.0,1.0,1.0,1.0,1.0,1.0,1.0,1.0,,1.0,1.0,1.0,1.0,1.0,0.0,0.0,0.0,0.0,,0.0,0.0,0.0,0.0,0.0,0.0,0.0,0.0,0.0,,0.0,0.0,0.0,0.0,0.0,0.0,0.0,0.0,,0.0,0.0,0.0,0.0,0.0
2022-03-24,stars,001_1week,rust,mpl-2.0,27,27.0,27.0,27.0,20.0,21.0,2.0,10.0,433209.0,613563.0,22724.555555555555,83061.64978835962,43.8,89.5,942.0,8898.5,30930.600000000035,2.0,1902.0,606.8518518518518,639.76598508323,14.200000000000001,65.0,374.0,1127.5,1692.0000000000005,0.0,6.0,2.5555555555555554,1.577079416890439,1.0,1.0,2.0,3.5,4.400000000000002,0.0,3558.0,7359.0,272.55555555555554,742.6401102373432,0.0,1.5,6.0,121.5,529.4000000000005,0.0,145.0,482.0,17.85185185185185,34.8951216600475,0.0,0.0,2.0,13.0,59.000000000000014,0.0,264.0,641.0,23.74074074074074,56.53221858278463,0.0,0.0,0.0,12.5,72.60000000000007,0.0,10.0,3.7037037037037037,3.790827135384884,0.0,0.0,3.0,7.0,8.400000000000002
2022-03-24,stars,001_1week,rust,other,230,230.0,226.0,230.0,166.0,184.0,40.0,3.0,793319.0,5236413.0,22767.013043478262,80261.76816577057,80.80000000000001,391.5,1561.0,6327.5,43985.59999999998,1.0,4299.0,809.7304347826087,752.3168444484397,26.900000000000002,238.25,586.5,1180.25,1916.6999999999998,0.0,6.0,2.239130434782609,1.6741651456405189,0.0,1.0,2.0,3.0,5.0,0.0,64857.0,272761.0,1185.9173913043478,5245.6799724209895,0.0,4.0,46.0,474.75,2222.5,0.0,8988.0,26916.0,117.02608695652174,621.5802225904757,0.0,0.0,7.0,62.0,252.39999999999998,0.0,8404.0,19223.0,83.57826086956521,569.8361217392976,0.0,0.0,6.0,35.0,121.39999999999992,0.0,20.0,3.8521739130434782,4.119913252702883,0.0,0.0,3.0,6.0,9.0
2022-03-24,stars,001_1week,rust,unlicense,4,4.0,4.0,4.0,4.0,4.0,0.0,123.0,188.0,660.0,165.0,29.06314963431642,136.8,157.5,174.5,182.0,185.6,1.0,92.0,44.25,47.4438264336538,2.5,4.75,42.0,81.5,87.8,1.0,2.0,1.25,0.5,1.0,1.0,1.0,1.25,1.7000000000000002,0.0,5.0,6.0,1.5,2.3804761428476167,0.0,0.0,0.5,2.0,3.8000000000000007,0.0,0.0,0.0,0.0,0.0,0.0,0.0,0.0,0.0,0.0,0.0,0.0,0.0,0.0,0.0,0.0,0.0,0.0,0.0,0.0,0.0,3.0,1.5,1.7320508075688772,0.0,0.0,1.5,3.0,3.0
2022-03-24,stars,001_1week,sml,,5,0.0,5.0,5.0,5.0,5.0,0.0,7.0,568469.0,1011647.0,202329.4,280548.15441702696,12.600000000000001,21.0,27.0,443123.0,518330.60000000003,2.0,349.0,108.8,149.97899852979415,5.2,10.0,19.0,164.0,275.0,0.0,6.0,3.8,3.03315017762062,0.4,1.0,6.0,6.0,6.0,0.0,12.0,12.0,2.4,5.366563145999495,0.0,0.0,0.0,0.0,7.200000000000001,0.0,3.0,4.0,0.8,1.3038404810405297,0.0,0.0,0.0,1.0,2.2,0.0,1.0,1.0,0.2,0.447213595499958,0.0,0.0,0.0,0.0,0.6000000000000001,0.0,5.0,1.0,2.2360679774997894,0.0,0.0,0.0,0.0,3.0000000000000004
2022-03-24,stars,001_1week,sml,gpl-2.0,1,1.0,1.0,1.0,1.0,1.0,0.0,226201.0,226201.0,226201.0,226201.0,,226201.0,226201.0,226201.0,226201.0,226201.0,4658.0,4658.0,4658.0,,4658.0,4658.0,4658.0,4658.0,4658.0,2.0,2.0,2.0,,2.0,2.0,2.0,2.0,2.0,1398.0,1398.0,1398.0,1398.0,,1398.0,1398.0,1398.0,1398.0,1398.0,418.0,418.0,418.0,418.0,,418.0,418.0,418.0,418.0,418.0,199.0,199.0,199.0,199.0,,199.0,199.0,199.0,199.0,199.0,9.0,9.0,9.0,,9.0,9.0,9.0,9.0,9.0
2022-03-24,stars,001_1week,sml,mit,1,1.0,1.0,1.0,1.0,1.0,0.0,506.0,506.0,506.0,506.0,,506.0,506.0,506.0,506.0,506.0,3804.0,3804.0,3804.0,,3804.0,3804.0,3804.0,3804.0,3804.0,3.0,3.0,3.0,,3.0,3.0,3.0,3.0,3.0,58.0,58.0,58.0,58.0,,58.0,58.0,58.0,58.0,58.0,13.0,13.0,13.0,13.0,,13.0,13.0,13.0,13.0,13.0,0.0,0.0,0.0,0.0,,0.0,0.0,0.0,0.0,0.0,0.0,0.0,0.0,,0.0,0.0,0.0,0.0,0.0
2022-03-24,stars,001_1week,tla,mit,1,1.0,1.0,1.0,0.0,0.0,0.0,4856.0,4856.0,4856.0,4856.0,,4856.0,4856.0,4856.0,4856.0,4856.0,1037.0,1037.0,1037.0,,1037.0,1037.0,1037.0,1037.0,1037.0,1.0,1.0,1.0,,1.0,1.0,1.0,1.0,1.0,171.0,171.0,171.0,171.0,,171.0,171.0,171.0,171.0,171.0,24.0,24.0,24.0,24.0,,24.0,24.0,24.0,24.0,24.0,12.0,12.0,12.0,12.0,,12.0,12.0,12.0,12.0,12.0,3.0,3.0,3.0,,3.0,3.0,3.0,3.0,3.0
2022-03-24,stars,001_1week,tla,other,1,1.0,1.0,1.0,1.0,1.0,0.0,47338.0,47338.0,47338.0,47338.0,,47338.0,47338.0,47338.0,47338.0,47338.0,1885.0,1885.0,1885.0,,1885.0,1885.0,1885.0,1885.0,1885.0,1.0,1.0,1.0,,1.0,1.0,1.0,1.0,1.0,9.0,9.0,9.0,9.0,,9.0,9.0,9.0,9.0,9.0,4.0,4.0,4.0,4.0,,4.0,4.0,4.0,4.0,4.0,3.0,3.0,3.0,3.0,,3.0,3.0,3.0,3.0,3.0,0.0,0.0,0.0,,0.0,0.0,0.0,0.0,0.0
